id,first_name,last_name,email,job_title,car_use,total_miles,previous_claims,postcode,credit_score,cheapest_quote,purchased 
354,Cindelyn,Delp,Cindelyn.Delp@gmail.com,police officer,private,29893,yes,BS,100,4993,0
505,Ingrid,Rubie,Ingrid.Rubie@gmail.com,police officer,commercial,29892,yes,PE,100,4992,0
674,Fina,Screens,Fina.Screens@gmail.com,worker,private,29892,yes,CR,100,4992,0
443,Pamella,Sharl,Pamella.Sharl@gmail.com,police officer,private,29890,yes,ME,100,4990,0
141,Neila,Socha,Neila.Socha@gmail.com,doctor,commercial,29886,yes,G1,100,4986,0
810,Constance,Hylan,Constance.Hylan@gmail.com,worker,personal,29884,yes,LL,100,4984,0
538,Maridel,Lane,Maridel.Lane@gmail.com,police officer,private,29880,yes,HA,100,4980,0
287,Louella,Buffum,Louella.Buffum@gmail.com,firefighter,business,29864,yes,BL,100,4964,0
162,Berta,Atonsah,Berta.Atonsah@gmail.com,engineer,business,29863,yes,L1,100,4963,0
197,Silvana,Delila,Silvana.Delila@gmail.com,worker,commercial,29863,yes,PL,100,4963,0
107,Drucie,Masao,Drucie.Masao@gmail.com,developer,commercial,29859,yes,PH,100,4959,0
430,Janis,Diann,Janis.Diann@gmail.com,engineer,business,29856,yes,KA,100,4956,0
479,Mallory,Ingra,Mallory.Ingra@gmail.com,developer,personal and business,29847,yes,PL,100,4947,0
956,Odessa,Fadiman,Odessa.Fadiman@gmail.com,worker,business,29840,yes,PH,100,4940,0
108,Marika,Edee,Marika.Edee@gmail.com,worker,commercial,29837,yes,L1,100,4937,0
937,Cecile,McLaughlin,Cecile.McLaughlin@gmail.com,firefighter,commercial,29836,yes,L1,100,4936,0
378,Gratia,Swanhildas,Gratia.Swanhildas@gmail.com,police officer,private,29835,yes,G1,100,4935,0
801,Marsiella,Brotherson,Marsiella.Brotherson@gmail.com,worker,commercial,29829,yes,OX,100,4929,0
653,Stevana,Llovera,Stevana.Llovera@gmail.com,police officer,business,29817,yes,BS,100,4917,0
567,Kristan,Wadell,Kristan.Wadell@gmail.com,worker,business,29809,yes,FY,100,4909,0
1070,Elvira,Wiener,Elvira.Wiener@gmail.com,worker,business,29805,yes,RM,100,4905,0
704,Petronia,Helfand,Petronia.Helfand@gmail.com,worker,business,29798,yes,HA,100,4898,0
929,Corina,Wooster,Corina.Wooster@gmail.com,worker,business,29797,yes,M1,100,4897,0
363,Dorthy,Lenny,Dorthy.Lenny@gmail.com,worker,business,29794,yes,GL,100,4894,0
199,Gretal,Amadas,Gretal.Amadas@gmail.com,worker,business,29784,yes,EC,100,4884,0
253,Barbara,Brotherson,Barbara.Brotherson@gmail.com,worker,business,29773,yes,E1,100,4873,0
211,Cassondra,Jarib,Cassondra.Jarib@gmail.com,worker,business,29767,yes,BA,100,4867,0
693,Sindee,Hanleigh,Sindee.Hanleigh@gmail.com,worker,business,29765,yes,NW,100,4865,0
737,Krystle,Chick,Krystle.Chick@gmail.com,worker,business,29765,yes,BS,100,4865,0
770,Teddie,Nahum,Teddie.Nahum@gmail.com,worker,business,29761,yes,E1,100,4861,0
165,Blake,Ries,Blake.Ries@gmail.com,worker,business,29759,yes,OX,100,4859,0
524,Berget,Melan,Berget.Melan@gmail.com,worker,business,29759,yes,PH,100,4859,0
584,Chrystel,Marijo,Chrystel.Marijo@gmail.com,worker,business,29740,yes,PO,100,4840,0
723,Margarette,Ethban,Margarette.Ethban@gmail.com,worker,business,29722,yes,RM,100,4822,0
591,Alie,Damarra,Alie.Damarra@gmail.com,worker,business,29715,yes,BL,100,4815,0
870,Sue,Alejoa,Sue.Alejoa@gmail.com,worker,business,29706,yes,FK,100,4806,0
474,Paule,Constancy,Paule.Constancy@gmail.com,worker,business,29703,yes,AB,100,4803,0
433,Fidelia,Merna,Fidelia.Merna@gmail.com,worker,business,29701,yes,BD,100,4801,0
552,Danika,Macey,Danika.Macey@gmail.com,worker,business,29698,yes,LL,100,4798,0
1094,Lyssa,Seligman,Lyssa.Seligman@gmail.com,worker,business,29696,yes,FY,100,4796,0
1041,Gusella,Autrey,Gusella.Autrey@gmail.com,police officer,business,29695,yes,BD,100,4795,0
392,Mallory,Haldas,Mallory.Haldas@gmail.com,police officer,business,29692,yes,G1,100,4792,0
967,Kenna,Drisko,Kenna.Drisko@gmail.com,engineer,business,29692,yes,G1,100,4792,0
607,Agathe,Santoro,Agathe.Santoro@gmail.com,doctor,business,29679,yes,G1,100,4779,0
188,Tori,Wiener,Tori.Wiener@gmail.com,doctor,business,29676,yes,AB,100,4776,0
263,Therine,Lareena,Therine.Lareena@gmail.com,police officer,business,29675,yes,OX,100,4775,0
411,Cathie,Waite,Cathie.Waite@gmail.com,police officer,business,29674,yes,NW,100,4774,0
123,Courtnay,Fabiola,Courtnay.Fabiola@gmail.com,firefighter,business,29669,yes,BA,100,4769,0
117,Ebonee,Margarete,Ebonee.Margarete@gmail.com,police officer,business,29655,yes,DY,100,4755,0
138,Sadie,Naashom,Sadie.Naashom@gmail.com,worker,business,29643,yes,CB,100,4743,0
396,Ericka,Judye,Ericka.Judye@gmail.com,worker,business,29636,yes,PH,100,4736,0
799,Celestyna,Martsen,Celestyna.Martsen@gmail.com,worker,business,29630,yes,M1,100,4730,0
106,Fredericka,Loeb,Fredericka.Loeb@gmail.com,worker,business,29622,yes,PR,100,4722,0
623,Blondelle,Halsey,Blondelle.Halsey@gmail.com,worker,business,29620,yes,LL,100,4720,0
662,Dawn,Shaver,Dawn.Shaver@gmail.com,worker,business,29618,yes,OX,100,4718,0
691,Viki,Rad,Viki.Rad@gmail.com,worker,personal,29614,yes,NG,100,4714,0
224,Cecile,Sherfield,Cecile.Sherfield@gmail.com,worker,personal,29608,yes,PL,100,4708,0
632,Vinita,Billye,Vinita.Billye@gmail.com,worker,business,29607,yes,PH,100,4707,0
464,Renie,Bohlin,Renie.Bohlin@gmail.com,worker,private,29580,yes,EH,100,4680,0
337,Fidelia,Irmine,Fidelia.Irmine@gmail.com,worker,personal,29578,yes,IP,100,4678,0
533,Xylina,Isacco,Xylina.Isacco@gmail.com,worker,private,29578,yes,DH,100,4678,0
965,Jessamyn,Pearse,Jessamyn.Pearse@gmail.com,worker,business,29576,yes,G1,100,4676,0
423,Wynne,Sikorski,Wynne.Sikorski@gmail.com,worker,private,29557,yes,OX,100,4657,0
384,Farrah,Magdalen,Farrah.Magdalen@gmail.com,worker,business,29555,yes,N1,100,4655,0
991,Elfreda,Grobe,Elfreda.Grobe@gmail.com,worker,personal,29538,yes,PO,100,4638,0
588,Regina,Kenney,Regina.Kenney@gmail.com,worker,commercial,29531,yes,AB,100,4631,0
864,Hollie,Kathie,Hollie.Kathie@gmail.com,worker,personal and business,29523,yes,PA,100,4623,0
586,Starla,Read,Starla.Read@gmail.com,worker,personal and business,29514,yes,AB,100,4614,0
184,Gerrie,Havens,Gerrie.Havens@gmail.com,worker,personal,29509,yes,PO,100,4609,0
113,Merle,Dannye,Merle.Dannye@gmail.com,worker,commercial,29505,yes,L1,100,4605,0
201,Ira,Wu,Ira.Wu@gmail.com,worker,commercial,29504,yes,HA,100,4604,0
405,Cassandra,Paine,Cassandra.Paine@gmail.com,worker,commercial,29504,yes,RM,100,4604,0
173,Marinna,Love,Marinna.Love@gmail.com,worker,commercial,29497,yes,IG,100,4597,0
981,Ayn,Rad,Ayn.Rad@gmail.com,worker,commercial,29494,yes,L1,100,4594,0
351,Janis,Berne,Janis.Berne@gmail.com,worker,commercial,29490,yes,NW,100,4590,0
374,Ketti,Philipp,Ketti.Philipp@gmail.com,worker,commercial,29479,yes,CB,100,4579,0
1065,Liana,Skell,Liana.Skell@gmail.com,worker,commercial,29474,yes,G1,100,4574,0
973,Betta,Esmaria,Betta.Esmaria@gmail.com,worker,commercial,29470,yes,RM,100,4570,0
783,Charissa,Riordan,Charissa.Riordan@gmail.com,worker,commercial,29467,yes,KA,100,4567,0
1042,Cristabel,Etom,Cristabel.Etom@gmail.com,worker,commercial,29462,yes,L1,100,4562,0
372,Sabina,Delp,Sabina.Delp@gmail.com,worker,commercial,29458,yes,OX,100,4558,0
1013,Veda,Kermit,Veda.Kermit@gmail.com,worker,commercial,29456,yes,RM,100,4556,0
1024,Celestyna,Swigart,Celestyna.Swigart@gmail.com,worker,commercial,29452,yes,IG,100,4552,0
129,Pamella,Verger,Pamella.Verger@gmail.com,worker,commercial,29419,yes,OX,100,4519,0
943,Bettine,Drus,Bettine.Drus@gmail.com,worker,commercial,29417,yes,KY,100,4517,0
1059,Siana,Swigart,Siana.Swigart@gmail.com,worker,commercial,29410,yes,HP,100,4510,0
534,Emmey,Thornburg,Emmey.Thornburg@gmail.com,worker,commercial,29405,yes,FK,100,4505,0
500,Audrie,Miru,Audrie.Miru@gmail.com,engineer,commercial,29399,yes,NP,100,4499,0
1085,Kittie,Yorick,Kittie.Yorick@gmail.com,developer,commercial,29399,yes,PO,100,4499,0
592,Tami,O'Carroll,Tami.O'Carroll@gmail.com,engineer,commercial,29389,yes,PE,100,4489,0
939,Nita,Wittie,Nita.Wittie@gmail.com,doctor,commercial,29387,yes,NP,100,4487,0
782,Alex,Suk,Alex.Suk@gmail.com,firefighter,commercial,29386,yes,B3,100,4486,0
875,Dode,Flita,Dode.Flita@gmail.com,firefighter,commercial,29384,yes,DY,100,4484,0
699,Anthia,Pitt,Anthia.Pitt@gmail.com,doctor,commercial,29368,yes,KA,100,4468,0
985,Corene,Sholley,Corene.Sholley@gmail.com,doctor,commercial,29366,yes,BD,100,4466,0
121,Vanessa,Clarissa,Vanessa.Clarissa@gmail.com,firefighter,commercial,29362,yes,FY,100,4462,0
245,Kimberley,Alice,Kimberley.Alice@gmail.com,police officer,commercial,29360,yes,BS,100,4460,0
268,Yolane,Elo,Yolane.Elo@gmail.com,police officer,commercial,29360,yes,LE,100,4460,0
774,Alyda,Ethban,Alyda.Ethban@gmail.com,doctor,commercial,29355,yes,M1,100,4455,0
334,Sheelagh,Duwalt,Sheelagh.Duwalt@gmail.com,police officer,commercial,29348,yes,GU,100,4448,0
647,Paola,Fabiola,Paola.Fabiola@gmail.com,worker,commercial,29346,yes,NP,101,4447,0
202,Dolli,Middleton,Dolli.Middleton@gmail.com,doctor,commercial,29342,yes,BL,102,4444,0
299,Binny,Saint,Binny.Saint@gmail.com,worker,commercial,29340,yes,M1,103,4443,0
340,Natka,Trinetta,Natka.Trinetta@gmail.com,worker,commercial,29337,yes,HA,104,4441,0
200,Carmencita,Esmaria,Carmencita.Esmaria@gmail.com,engineer,commercial,29331,yes,PE,105,4436,0
814,Annabela,Cherianne,Annabela.Cherianne@gmail.com,doctor,commercial,29330,yes,GL,106,4436,0
840,Jordan,Dom,Jordan.Dom@gmail.com,police officer,commercial,29329,yes,RM,107,4436,0
1061,Taffy,Braun,Taffy.Braun@gmail.com,police officer,commercial,29328,yes,FY,108,4436,0
727,Daune,Kristi,Daune.Kristi@gmail.com,firefighter,commercial,29324,yes,DH,109,4433,0
109,Andree,Marden,Andree.Marden@gmail.com,police officer,commercial,29319,yes,HA,110,4429,0
167,Rochette,Charity,Rochette.Charity@gmail.com,firefighter,commercial,29306,yes,EH,111,4417,0
638,Jordan,Erminia,Jordan.Erminia@gmail.com,firefighter,commercial,29296,yes,IP,112,4408,0
776,Frank,Carleen,Frank.Carleen@gmail.com,police officer,commercial,29294,yes,BA,113,4407,0
677,Paulita,Gino,Paulita.Gino@gmail.com,firefighter,commercial,29283,yes,NW,114,4397,0
819,Keelia,Chabot,Keelia.Chabot@gmail.com,firefighter,commercial,29281,yes,PL,115,4396,0
565,Leontine,Tjon,Leontine.Tjon@gmail.com,worker,commercial,29275,yes,ME,116,4391,0
809,Philis,Ball,Philis.Ball@gmail.com,police officer,commercial,29274,yes,RH,117,4391,0
1009,Ginnie,Virgin,Ginnie.Virgin@gmail.com,developer,commercial,29273,yes,PL,118,4391,0
938,Mureil,Sothena,Mureil.Sothena@gmail.com,worker,commercial,29266,yes,IP,119,4385,0
494,Mildrid,Brittani,Mildrid.Brittani@gmail.com,police officer,commercial,29264,yes,HP,120,4384,0
757,Merrie,Halla,Merrie.Halla@gmail.com,developer,commercial,29261,yes,DA,121,4382,0
996,Donetta,Toffic,Donetta.Toffic@gmail.com,doctor,commercial,29259,yes,BS,122,4381,0
217,Etta,Beniamino,Etta.Beniamino@gmail.com,firefighter,commercial,29254,yes,JE,123,4377,0
296,Amii,Barney,Amii.Barney@gmail.com,firefighter,commercial,29252,yes,PR,124,4376,0
395,Nonnah,Cressida,Nonnah.Cressida@gmail.com,engineer,commercial,29239,yes,HP,125,4364,0
811,Corry,Tillford,Corry.Tillford@gmail.com,developer,commercial,29235,yes,OL,126,4361,0
404,Raquela,Joli,Raquela.Joli@gmail.com,worker,commercial,29231,yes,PL,127,4358,0
418,Kamilah,Mintz,Kamilah.Mintz@gmail.com,doctor,commercial,29226,yes,HP,128,4354,0
1051,Livvyy,Prober,Livvyy.Prober@gmail.com,doctor,commercial,29221,yes,JE,129,4350,0
718,Jany,Hoenack,Jany.Hoenack@gmail.com,developer,commercial,29211,yes,JE,130,4341,0
620,Clarice,Niccolo,Clarice.Niccolo@gmail.com,developer,commercial,29200,yes,FY,131,4331,0
537,Ira,Hamil,Ira.Hamil@gmail.com,worker,commercial,29189,yes,KY,132,4321,0
822,Eadie,Swanhildas,Eadie.Swanhildas@gmail.com,worker,commercial,29188,yes,OL,133,4321,0
872,Darlleen,Ogren,Darlleen.Ogren@gmail.com,worker,commercial,29177,yes,RH,134,4311,0
1001,Gusella,Aida,Gusella.Aida@gmail.com,worker,commercial,29175,yes,EC,135,4310,0
769,Mallory,Mendez,Mallory.Mendez@gmail.com,doctor,commercial,29172,yes,FY,136,4308,0
171,Drucie,Catie,Drucie.Catie@gmail.com,doctor,commercial,29170,yes,PR,137,4307,0
761,Jsandye,Kunin,Jsandye.Kunin@gmail.com,engineer,commercial,29161,yes,GL,138,4299,0
980,Sherrie,Adore,Sherrie.Adore@gmail.com,developer,commercial,29153,yes,DA,139,4292,0
390,Renie,Byrne,Renie.Byrne@gmail.com,police officer,commercial,29150,yes,BL,140,4290,0
994,Quintina,Kress,Quintina.Kress@gmail.com,worker,commercial,29149,yes,CB,141,4290,0
1069,Jan,Riordan,Jan.Riordan@gmail.com,police officer,commercial,29144,yes,EC,142,4286,0
446,Steffane,Faso,Steffane.Faso@gmail.com,firefighter,commercial,29130,yes,E1,143,4273,0
303,Maud,Brodench,Maud.Brodench@gmail.com,engineer,commercial,29124,yes,BL,144,4268,0
349,Riannon,Isacco,Riannon.Isacco@gmail.com,firefighter,commercial,29121,yes,B3,145,4266,0
781,Gerianna,Eiser,Gerianna.Eiser@gmail.com,firefighter,commercial,29110,yes,PR,146,4256,0
133,Melodie,Orlene,Melodie.Orlene@gmail.com,developer,commercial,29105,yes,G1,147,4252,0
536,Babita,Karl,Babita.Karl@gmail.com,worker,commercial,29098,yes,PO,148,4246,0
796,Ashlee,Podvin,Ashlee.Podvin@gmail.com,engineer,commercial,29094,yes,IG,149,4243,0
295,Ginnie,Sigfrid,Ginnie.Sigfrid@gmail.com,firefighter,commercial,29091,yes,PH,150,4241,0
283,Cyndie,Cornelia,Cyndie.Cornelia@gmail.com,doctor,commercial,29084,yes,IP,151,4235,0
703,Lily,Rona,Lily.Rona@gmail.com,worker,commercial,29076,yes,KA,152,4228,0
371,Noelle,Mauer,Noelle.Mauer@gmail.com,engineer,commercial,29073,yes,IG,153,4226,0
682,Nollie,Tengdin,Nollie.Tengdin@gmail.com,worker,commercial,29059,yes,NG,154,4213,0
789,Darci,Afton,Darci.Afton@gmail.com,worker,commercial,29051,yes,RH,155,4206,0
131,Dode,Lasley,Dode.Lasley@gmail.com,police officer,commercial,29049,yes,GU,156,4205,0
617,Bill,Dowski,Bill.Dowski@gmail.com,firefighter,commercial,29048,yes,M1,157,4205,0
101,Fredericka,Pernick,Fredericka.Pernick@gmail.com,firefighter,commercial,29045,yes,M1,158,4203,0
953,Kirbee,Breed,Kirbee.Breed@gmail.com,engineer,commercial,29037,yes,NE,159,4196,0
359,Glynnis,Crudden,Glynnis.Crudden@gmail.com,doctor,commercial,29030,yes,NE,160,4190,0
1000,Nariko,Quent,Nariko.Quent@gmail.com,doctor,commercial,29025,yes,PR,161,4186,0
598,Tonia,Brotherson,Tonia.Brotherson@gmail.com,worker,commercial,29020,yes,BS,162,4182,0
792,Elise,Nelsen,Elise.Nelsen@gmail.com,police officer,commercial,29013,yes,PO,163,4176,0
700,Vere,Fax,Vere.Fax@gmail.com,engineer,commercial,29005,yes,EC,164,4169,0
734,Viviene,Klemperer,Viviene.Klemperer@gmail.com,firefighter,commercial,28999,yes,DH,165,4164,0
298,Georgina,Hailee,Georgina.Hailee@gmail.com,worker,commercial,28990,yes,FK,166,4156,0
159,Willetta,Vorster,Willetta.Vorster@gmail.com,doctor,commercial,28983,yes,DH,167,4150,0
857,Florencia,Faro,Florencia.Faro@gmail.com,worker,commercial,28979,no,M1,168,4147,0
949,Stacey,Ivens,Stacey.Ivens@gmail.com,firefighter,commercial,28973,yes,PA,169,4142,0
152,Marline,Callista,Marline.Callista@gmail.com,police officer,commercial,28960,yes,PL,170,4130,0
886,Livvyy,Fancie,Livvyy.Fancie@gmail.com,engineer,commercial,28956,yes,BD,171,4127,0
467,Heida,Kenwood,Heida.Kenwood@gmail.com,firefighter,commercial,28948,yes,GL,172,4120,0
717,Candy,Chem,Candy.Chem@gmail.com,doctor,commercial,28946,yes,RG,173,4119,0
456,Lita,Junie,Lita.Junie@gmail.com,developer,commercial,28936,no,CB,174,4110,0
899,Gerrie,Iaverne,Gerrie.Iaverne@gmail.com,worker,commercial,28934,yes,PH,175,4109,0
100,Annice,Middleton,Annice.Middleton@gmail.com,developer,commercial,28931,yes,EC,176,4107,0
532,Cissiee,Calhoun,Cissiee.Calhoun@gmail.com,worker,commercial,28929,no,BL,177,4106,0
321,Miquela,Iphlgenia,Miquela.Iphlgenia@gmail.com,police officer,commercial,28925,yes,PA,178,4103,0
735,Helena,Orlene,Helena.Orlene@gmail.com,developer,commercial,28912,yes,RG,179,4091,0
827,Nelle,Callista,Nelle.Callista@gmail.com,firefighter,commercial,28910,yes,BS,180,4090,0
444,Alameda,Drus,Alameda.Drus@gmail.com,police officer,commercial,28906,yes,GU,181,4087,0
881,Elsie,Linehan,Elsie.Linehan@gmail.com,police officer,commercial,28890,yes,M1,182,4072,0
916,Alexine,Lipson,Alexine.Lipson@gmail.com,firefighter,commercial,28889,yes,JE,183,4072,0
513,Mireielle,Niccolo,Mireielle.Niccolo@gmail.com,engineer,commercial,28879,yes,B3,184,4063,0
907,Belinda,Jotham,Belinda.Jotham@gmail.com,developer,commercial,28876,yes,FK,185,4061,0
664,Elyssa,Mallon,Elyssa.Mallon@gmail.com,firefighter,commercial,28870,yes,EC,186,4056,0
601,Sindee,Milson,Sindee.Milson@gmail.com,firefighter,commercial,28861,yes,B3,187,4048,0
335,Diena,Hebner,Diena.Hebner@gmail.com,developer,commercial,28857,yes,EC,188,4045,0
1006,Mureil,Solitta,Mureil.Solitta@gmail.com,developer,commercial,28855,yes,RM,189,4044,0
999,Rochette,Ralfston,Rochette.Ralfston@gmail.com,developer,commercial,28849,yes,G1,190,4039,0
389,Sheree,Gilbertson,Sheree.Gilbertson@gmail.com,doctor,commercial,28844,no,M1,191,4035,0
403,Alameda,Boycey,Alameda.Boycey@gmail.com,police officer,commercial,28837,yes,DH,192,4029,0
415,Tobe,Allina,Tobe.Allina@gmail.com,engineer,commercial,28836,yes,HA,193,4029,0
280,Hyacinthe,Neils,Hyacinthe.Neils@gmail.com,firefighter,commercial,28834,yes,AB,194,4028,0
519,Candi,Reneta,Candi.Reneta@gmail.com,firefighter,commercial,28806,yes,JE,195,4001,0
511,Alleen,Leifeste,Alleen.Leifeste@gmail.com,doctor,commercial,28800,no,LE,196,3996,0
1004,Wynne,Garlinda,Wynne.Garlinda@gmail.com,worker,commercial,28793,yes,EH,197,3990,0
832,Petronia,Taima,Petronia.Taima@gmail.com,doctor,commercial,28780,yes,M1,198,3978,0
237,Dyann,Dorothy,Dyann.Dorothy@gmail.com,worker,commercial,28777,yes,DY,199,3976,0
897,Larine,Ephrem,Larine.Ephrem@gmail.com,police officer,commercial,28775,yes,EH,200,3975,0
621,Mureil,Jammal,Mureil.Jammal@gmail.com,doctor,commercial,28766,yes,FY,201,3967,0
958,Winifred,Anestassia,Winifred.Anestassia@gmail.com,worker,commercial,28735,yes,PH,202,3937,0
329,Libbie,Nikaniki,Libbie.Nikaniki@gmail.com,firefighter,commercial,28724,yes,PR,203,3927,0
483,Tiffie,Behre,Tiffie.Behre@gmail.com,police officer,commercial,28717,yes,DY,204,3921,0
900,Gertrud,Alice,Gertrud.Alice@gmail.com,developer,personal and business,28716,yes,LL,205,3921,0
137,Sara-Ann,Blisse,Sara-Ann.Blisse@gmail.com,engineer,private,28707,no,KA,206,3913,0
207,Raquela,Ciapas,Raquela.Ciapas@gmail.com,worker,commercial,28697,yes,HA,207,3904,0
871,Norine,Eben,Norine.Eben@gmail.com,worker,personal,28695,yes,PA,208,3903,0
1015,Annabela,Emmy,Annabela.Emmy@gmail.com,firefighter,personal and business,28691,yes,KY,209,3900,0
866,Mildrid,Bluh,Mildrid.Bluh@gmail.com,developer,business,28689,yes,N1,210,3899,0
480,Bobinette,Zina,Bobinette.Zina@gmail.com,engineer,commercial,28687,yes,NP,211,3898,0
905,Sindee,Winthorpe,Sindee.Winthorpe@gmail.com,firefighter,personal and business,28686,yes,BA,212,3898,0
986,Emma,Helfand,Emma.Helfand@gmail.com,engineer,commercial,28680,yes,L1,213,3893,0
861,Kenna,Leary,Kenna.Leary@gmail.com,firefighter,private,28675,yes,HP,214,3889,0
223,Shirlee,Anyah,Shirlee.Anyah@gmail.com,developer,commercial,28669,yes,RM,215,3884,1
490,Allis,Berriman,Allis.Berriman@gmail.com,police officer,business,28666,yes,RG,216,3882,0
720,Melanie,Wattenberg,Melanie.Wattenberg@gmail.com,worker,personal and business,28656,yes,OX,217,3873,0
346,Hyacinthe,Velick,Hyacinthe.Velick@gmail.com,doctor,private,28644,yes,G1,218,3862,0
111,Gilligan,Dash,Gilligan.Dash@gmail.com,worker,private,28642,yes,B3,219,3861,0
1003,Andree,Schlosser,Andree.Schlosser@gmail.com,doctor,business,28641,yes,GU,220,3861,0
222,Stephanie,Egbert,Stephanie.Egbert@gmail.com,police officer,business,28632,yes,CR,221,3853,0
175,Emelina,Gilbertson,Emelina.Gilbertson@gmail.com,developer,personal and business,28626,yes,CR,222,3848,0
914,Lily,Kevon,Lily.Kevon@gmail.com,developer,personal and business,28613,yes,CR,223,3836,0
599,Catharine,Gahl,Catharine.Gahl@gmail.com,firefighter,commercial,28611,yes,L1,224,3835,0
367,Briney,Thar,Briney.Thar@gmail.com,worker,commercial,28607,yes,RG,225,3832,0
373,Justinn,Pandolfi,Justinn.Pandolfi@gmail.com,engineer,private,28600,no,HA,226,3826,0
1010,Kylynn,Salchunas,Kylynn.Salchunas@gmail.com,worker,personal and business,28598,yes,KY,227,3825,0
1054,Yvonne,Hazlett,Yvonne.Hazlett@gmail.com,worker,personal,28597,yes,ME,228,3825,0
568,Elbertina,Kare,Elbertina.Kare@gmail.com,developer,personal,28577,yes,OX,229,3806,0
732,Mahalia,Strephon,Mahalia.Strephon@gmail.com,firefighter,private,28576,yes,NG,230,3806,0
343,Emilia,Ricki,Emilia.Ricki@gmail.com,firefighter,commercial,28570,yes,LL,231,3801,0
678,Coral,Marsden,Coral.Marsden@gmail.com,developer,personal and business,28556,yes,N1,232,3788,0
1019,Keelia,Allare,Keelia.Allare@gmail.com,police officer,personal,28537,yes,PH,233,3770,0
787,Jobi,Gamaliel,Jobi.Gamaliel@gmail.com,police officer,personal,28530,yes,IG,234,3764,0
1017,Briney,Goddard,Briney.Goddard@gmail.com,police officer,private,28529,yes,IG,235,3764,0
316,Kellen,Eldrid,Kellen.Eldrid@gmail.com,worker,personal,28519,yes,NE,236,3755,0
232,Ellette,Bashemeth,Ellette.Bashemeth@gmail.com,worker,private,28513,yes,E1,237,3750,0
625,Hildegaard,Kenney,Hildegaard.Kenney@gmail.com,developer,personal and business,28504,yes,HA,238,3742,0
439,Susan,Capello,Susan.Capello@gmail.com,worker,personal,28498,yes,L1,239,3737,0
400,Mamie,Bultman,Mamie.Bultman@gmail.com,firefighter,private,28489,yes,EC,240,3729,0
465,Shandie,Claudine,Shandie.Claudine@gmail.com,firefighter,private,28487,yes,DY,241,3728,0
501,Judy,Briney,Judy.Briney@gmail.com,developer,private,28486,yes,DA,242,3728,0
265,Suzette,Ashok,Suzette.Ashok@gmail.com,worker,private,28481,yes,BA,243,3724,0
342,Emylee,Quinn,Emylee.Quinn@gmail.com,firefighter,personal,28473,yes,CM,244,3717,0
754,Nicoli,Beebe,Nicoli.Beebe@gmail.com,engineer,private,28451,yes,BA,245,3696,0
998,Almeta,Calhoun,Almeta.Calhoun@gmail.com,engineer,private,28449,yes,L1,246,3695,0
348,Karly,Lattie,Karly.Lattie@gmail.com,developer,commercial,28442,yes,OX,247,3689,0
883,Chere,Cressida,Chere.Cressida@gmail.com,firefighter,personal and business,28441,no,LE,248,3689,0
271,Danika,Meli,Danika.Meli@gmail.com,developer,commercial,28431,yes,PO,249,3680,0
1035,Janeczka,Carolin,Janeczka.Carolin@gmail.com,firefighter,business,28427,yes,NP,250,3677,0
695,Corry,Herrera,Corry.Herrera@gmail.com,firefighter,personal and business,28423,no,RH,251,3674,0
408,Claresta,Obed,Claresta.Obed@gmail.com,police officer,private,28421,yes,PH,252,3673,0
275,Norine,Vilma,Norine.Vilma@gmail.com,engineer,business,28415,yes,GU,253,3668,0
1056,Dione,Dannye,Dione.Dannye@gmail.com,worker,private,28412,yes,PE,254,3666,0
963,Danny,Izaak,Danny.Izaak@gmail.com,worker,commercial,28407,no,E1,255,3662,0
437,Lulita,Ciro,Lulita.Ciro@gmail.com,engineer,personal,28405,no,GU,256,3661,0
831,Tamqrah,Rhu,Tamqrah.Rhu@gmail.com,worker,personal and business,28396,yes,HA,257,3653,0
843,Wanda,Papageno,Wanda.Papageno@gmail.com,firefighter,private,28395,yes,RM,258,3653,0
910,Brianna,Dituri,Brianna.Dituri@gmail.com,firefighter,commercial,28393,no,PH,259,3652,0
725,Chastity,Macey,Chastity.Macey@gmail.com,police officer,personal,28377,no,L1,260,3637,0
616,Meriel,Junie,Meriel.Junie@gmail.com,police officer,commercial,28362,no,LE,261,3623,0
258,Dominga,Aurelio,Dominga.Aurelio@gmail.com,firefighter,private,28360,yes,BL,262,3622,0
238,Rubie,Nikaniki,Rubie.Nikaniki@gmail.com,developer,commercial,28358,yes,LE,263,3621,0
353,Alexine,Hewitt,Alexine.Hewitt@gmail.com,engineer,personal and business,28356,no,GL,264,3620,0
842,Michaelina,Hanshaw,Michaelina.Hanshaw@gmail.com,police officer,private,28350,yes,FY,265,3615,0
176,Chastity,Barney,Chastity.Barney@gmail.com,worker,commercial,28347,no,BA,266,3613,0
255,Giustina,Thornburg,Giustina.Thornburg@gmail.com,engineer,business,28345,yes,PR,267,3612,0
740,Jessy,Abbot,Jessy.Abbot@gmail.com,police officer,personal and business,28342,no,KY,268,3610,0
1044,Joleen,Ruvolo,Joleen.Ruvolo@gmail.com,worker,personal and business,28338,no,NP,269,3607,0
304,Donetta,Amadas,Donetta.Amadas@gmail.com,worker,personal and business,28325,yes,DH,270,3595,0
879,Binny,Seagraves,Binny.Seagraves@gmail.com,worker,commercial,28310,no,PH,271,3581,0
668,Korrie,Munn,Korrie.Munn@gmail.com,doctor,business,28304,yes,KA,272,3576,0
797,Vanessa,Voletta,Vanessa.Voletta@gmail.com,worker,private,28302,yes,HP,273,3575,0
613,Dawn,Fiann,Dawn.Fiann@gmail.com,engineer,private,28300,yes,M1,274,3574,0
290,Alejandra,Pearse,Alejandra.Pearse@gmail.com,firefighter,commercial,28298,yes,DY,275,3573,0
1032,Kalina,Garbe,Kalina.Garbe@gmail.com,developer,personal and business,28297,yes,HA,276,3573,0
486,Concettina,Vary,Concettina.Vary@gmail.com,police officer,business,28289,no,PE,277,3566,0
954,Lauryn,Corilla,Lauryn.Corilla@gmail.com,developer,personal and business,28285,no,M1,278,3563,0
205,Pearline,Lilas,Pearline.Lilas@gmail.com,engineer,private,28282,no,KY,279,3561,0
549,Candy,Thema,Candy.Thema@gmail.com,police officer,personal,28279,yes,BD,280,3559,0
347,Jackie,Letsou,Jackie.Letsou@gmail.com,worker,private,28277,no,OX,281,3558,0
1082,Vere,Meter,Vere.Meter@gmail.com,engineer,personal and business,28275,yes,GU,282,3557,0
923,Blondelle,Jacinda,Blondelle.Jacinda@gmail.com,worker,personal and business,28271,yes,DH,283,3554,0
619,Caritta,Darbie,Caritta.Darbie@gmail.com,firefighter,private,28260,no,KY,284,3544,0
125,Sibella,Magnolia,Sibella.Magnolia@gmail.com,developer,business,28257,yes,RH,285,3542,0
226,Luci,Louanna,Luci.Louanna@gmail.com,firefighter,personal,28256,no,LL,286,3542,0
895,Tami,Serilda,Tami.Serilda@gmail.com,developer,commercial,28254,yes,DH,287,3541,0
751,Trixi,Persse,Trixi.Persse@gmail.com,engineer,business,28247,yes,OL,288,3535,0
485,Paola,Felizio,Paola.Felizio@gmail.com,doctor,business,28240,yes,PO,289,3529,0
1029,Philis,Cath,Philis.Cath@gmail.com,doctor,personal,28238,yes,BD,290,3528,0
186,Reeba,Roscoe,Reeba.Roscoe@gmail.com,engineer,personal,28233,no,FK,291,3524,0
516,Hannis,Voletta,Hannis.Voletta@gmail.com,worker,business,28231,yes,EC,292,3523,0
1063,Michaelina,Madox,Michaelina.Madox@gmail.com,firefighter,business,28227,yes,CR,293,3520,0
859,Gretal,Luhe,Gretal.Luhe@gmail.com,doctor,business,28216,yes,BA,294,3510,0
284,Larine,Barrus,Larine.Barrus@gmail.com,worker,personal and business,28206,yes,PA,295,3501,0
570,Linet,Angelis,Linet.Angelis@gmail.com,worker,commercial,28204,yes,IP,296,3500,0
1090,Corry,Carbo,Corry.Carbo@gmail.com,doctor,business,28199,yes,DA,297,3496,0
181,Sybille,Leffen,Sybille.Leffen@gmail.com,engineer,personal,28197,no,IP,298,3495,0
105,Roseline,Dosia,Roseline.Dosia@gmail.com,worker,private,28193,no,PO,299,3492,1
759,Aaren,Lea,Aaren.Lea@gmail.com,doctor,personal and business,28191,yes,FY,300,3491,0
1058,Sara-Ann,Baylor,Sara-Ann.Baylor@gmail.com,engineer,commercial,28189,yes,ME,301,3490,0
471,Linet,Ivens,Linet.Ivens@gmail.com,developer,commercial,28185,no,DH,302,3487,0
450,Trixi,Jethro,Trixi.Jethro@gmail.com,police officer,commercial,28183,no,L1,303,3486,0
624,Brianna,Munn,Brianna.Munn@gmail.com,police officer,personal and business,28182,yes,L1,304,3486,0
640,Olwen,Infield,Olwen.Infield@gmail.com,police officer,private,28175,yes,N1,305,3480,0
266,Larine,Raseda,Larine.Raseda@gmail.com,police officer,private,28168,yes,LL,306,3474,0
230,Kellen,Hartnett,Kellen.Hartnett@gmail.com,worker,personal and business,28158,no,LE,307,3465,0
496,Lynnea,Seessel,Lynnea.Seessel@gmail.com,worker,commercial,28156,yes,AB,308,3464,0
731,Loree,Mehalek,Loree.Mehalek@gmail.com,engineer,personal,28153,no,HP,309,3462,0
742,Ann-Marie,Marijo,Ann-Marie.Marijo@gmail.com,engineer,personal and business,28148,yes,KA,310,3458,0
102,Celisse,Iiette,Celisse.Iiette@gmail.com,worker,personal,28144,yes,HA,311,3455,0
1008,Edith,Gunn,Edith.Gunn@gmail.com,police officer,private,28134,no,CM,312,3446,0
318,Raf,Lauraine,Raf.Lauraine@gmail.com,worker,personal,28132,no,EH,313,3445,0
564,Kaia,Baudin,Kaia.Baudin@gmail.com,doctor,private,28129,no,FY,314,3443,0
438,Ivett,Sandye,Ivett.Sandye@gmail.com,police officer,business,28116,yes,BA,315,3431,0
526,Jemie,Bow,Jemie.Bow@gmail.com,engineer,personal and business,28112,yes,PA,316,3428,0
1049,Atlanta,Gamaliel,Atlanta.Gamaliel@gmail.com,developer,commercial,28108,no,NG,317,3425,0
220,Wanda,Flyn,Wanda.Flyn@gmail.com,police officer,business,28102,no,FY,318,3420,0
652,Clementine,Melan,Clementine.Melan@gmail.com,worker,personal and business,28101,yes,EC,319,3420,0
398,Tabbatha,Mullane,Tabbatha.Mullane@gmail.com,worker,personal and business,28090,no,PL,320,3410,0
558,Magdalena,Anyah,Magdalena.Anyah@gmail.com,doctor,personal and business,28085,no,DY,321,3406,0
855,Agathe,Zetta,Agathe.Zetta@gmail.com,worker,commercial,28072,no,LL,322,3394,0
422,Wanda,Bevin,Wanda.Bevin@gmail.com,developer,personal and business,28068,yes,KY,323,3391,0
161,Winny,Eliathas,Winny.Eliathas@gmail.com,worker,business,28066,yes,GL,324,3390,0
562,Maye,Stuart,Maye.Stuart@gmail.com,doctor,business,28065,no,LL,325,3390,0
1089,Rosanne,Waite,Rosanne.Waite@gmail.com,firefighter,commercial,28063,yes,E1,326,3389,0
441,Jemie,Pip,Jemie.Pip@gmail.com,developer,business,28057,yes,EH,327,3384,0
948,Harmonia,Imelida,Harmonia.Imelida@gmail.com,firefighter,private,28048,no,KA,328,3376,0
521,Frank,Mandler,Frank.Mandler@gmail.com,engineer,personal,28046,yes,PO,329,3375,0
581,Courtnay,Zuzana,Courtnay.Zuzana@gmail.com,developer,private,28044,no,PL,330,3374,0
820,Dominga,Anselmi,Dominga.Anselmi@gmail.com,engineer,personal,28041,no,B3,331,3372,0
309,Berget,Mallon,Berget.Mallon@gmail.com,firefighter,commercial,28036,yes,BA,332,3368,0
884,Glynnis,Evvie,Glynnis.Evvie@gmail.com,engineer,private,28030,no,IP,333,3363,0
924,Edith,Hanshaw,Edith.Hanshaw@gmail.com,worker,personal,28024,yes,M1,334,3358,0
959,Kial,Madaih,Kial.Madaih@gmail.com,worker,private,28015,yes,CM,335,3350,0
649,Tani,Moseley,Tani.Moseley@gmail.com,firefighter,private,28009,no,IG,336,3345,0
829,Henriette,Septima,Henriette.Septima@gmail.com,doctor,commercial,28002,no,RG,337,3339,0
671,Hettie,Velick,Hettie.Velick@gmail.com,doctor,business,27996,no,DY,338,3334,0
561,Gaylene,Fabiola,Gaylene.Fabiola@gmail.com,worker,personal and business,27993,yes,HP,339,3332,0
240,Gerrie,Melan,Gerrie.Melan@gmail.com,firefighter,business,27987,no,CB,340,3327,0
823,Barbi,Bronk,Barbi.Bronk@gmail.com,firefighter,commercial,27979,yes,ME,341,3320,0
285,Loree,Shields,Loree.Shields@gmail.com,doctor,personal and business,27970,no,NP,342,3312,0
478,Madelle,Hillel,Madelle.Hillel@gmail.com,police officer,personal and business,27958,no,BL,343,3301,0
758,Sallie,Aloise,Sallie.Aloise@gmail.com,developer,personal and business,27948,no,OL,344,3292,0
273,Fawne,Tice,Fawne.Tice@gmail.com,developer,private,27940,yes,BD,345,3285,0
185,Ana,Bethany,Ana.Bethany@gmail.com,firefighter,private,27937,yes,KA,346,3283,0
250,Heida,Brenn,Heida.Brenn@gmail.com,doctor,personal and business,27934,yes,HA,347,3281,0
816,Coral,McAdams,Coral.McAdams@gmail.com,worker,private,27917,yes,PO,348,3265,0
898,Leona,Elo,Leona.Elo@gmail.com,worker,commercial,27898,yes,PA,349,3247,0
190,Shauna,Carvey,Shauna.Carvey@gmail.com,doctor,private,27887,yes,FK,350,3237,0
528,Elie,Fillbert,Elie.Fillbert@gmail.com,engineer,commercial,27884,yes,JE,351,3235,0
934,Courtnay,Norvol,Courtnay.Norvol@gmail.com,worker,commercial,27882,yes,KY,352,3234,0
130,Lauryn,Smitt,Lauryn.Smitt@gmail.com,developer,private,27869,no,BL,353,3222,0
716,Orelia,Autrey,Orelia.Autrey@gmail.com,doctor,business,27866,yes,RH,354,3220,0
426,Leanna,Camden,Leanna.Camden@gmail.com,police officer,commercial,27861,yes,IG,355,3216,0
1078,Gabriellia,Schroth,Gabriellia.Schroth@gmail.com,worker,personal,27856,no,RH,356,3212,0
719,Annecorinne,Tayib,Annecorinne.Tayib@gmail.com,engineer,business,27851,no,M1,357,3208,0
322,Jemie,Susannah,Jemie.Susannah@gmail.com,doctor,personal,27848,no,NG,358,3206,0
964,Arlina,Chapland,Arlina.Chapland@gmail.com,firefighter,business,27837,no,DH,359,3196,0
848,Frank,Jeanne,Frank.Jeanne@gmail.com,firefighter,private,27835,yes,LL,360,3195,0
142,Cyndie,Arathorn,Cyndie.Arathorn@gmail.com,firefighter,business,27830,yes,OX,361,3191,0
919,Adelle,Ietta,Adelle.Ietta@gmail.com,police officer,private,27821,yes,HP,362,3183,0
327,Cissiee,Carleen,Cissiee.Carleen@gmail.com,firefighter,personal,27804,no,PH,363,3167,0
312,Frances,Dash,Frances.Dash@gmail.com,developer,commercial,27796,no,LE,364,3160,0
512,Demetris,Terencio,Demetris.Terencio@gmail.com,firefighter,personal,27795,yes,HP,365,3160,0
394,Kial,Rudolph,Kial.Rudolph@gmail.com,firefighter,personal and business,27788,yes,GU,366,3154,0
1018,Kristan,Ogren,Kristan.Ogren@gmail.com,developer,personal and business,27785,yes,HA,367,3152,0
550,Emmey,Rad,Emmey.Rad@gmail.com,doctor,personal,27783,yes,BS,368,3151,0
259,Nollie,Secrest,Nollie.Secrest@gmail.com,worker,commercial,27776,yes,PE,369,3145,0
655,Myriam,Vins,Myriam.Vins@gmail.com,doctor,personal,27775,yes,GL,370,3145,0
461,Albertina,Brandice,Albertina.Brandice@gmail.com,police officer,personal,27752,no,BS,371,3123,0
493,Chastity,Jarib,Chastity.Jarib@gmail.com,developer,private,27749,no,JE,372,3121,0
818,Andree,Sinegold,Andree.Sinegold@gmail.com,engineer,commercial,27739,yes,HP,373,3112,0
1099,Mary,Kirstin,Mary.Kirstin@gmail.com,police officer,private,27734,yes,GU,374,3108,0
288,Cordi,Sherrie,Cordi.Sherrie@gmail.com,police officer,commercial,27731,no,CR,375,3106,0
134,Evita,Mayeda,Evita.Mayeda@gmail.com,engineer,business,27728,yes,NE,376,3104,0
515,Vere,Waldron,Vere.Waldron@gmail.com,doctor,business,27721,no,NE,377,3098,0
803,Ivett,Khorma,Ivett.Khorma@gmail.com,firefighter,personal,27716,no,OX,378,3094,0
856,Edyth,Land,Edyth.Land@gmail.com,doctor,private,27712,yes,IG,379,3091,0
339,Jaclyn,Joseph,Jaclyn.Joseph@gmail.com,police officer,commercial,27705,no,E1,380,3085,0
310,Norine,Merell,Norine.Merell@gmail.com,firefighter,personal,27698,yes,N1,381,3079,0
585,Ayn,Elo,Ayn.Elo@gmail.com,worker,personal and business,27696,yes,LL,382,3078,0
279,Aigneis,Klotz,Aigneis.Klotz@gmail.com,firefighter,personal,27691,no,FK,383,3074,0
147,Sheelagh,Donoghue,Sheelagh.Donoghue@gmail.com,police officer,commercial,27672,no,L1,384,3056,0
393,Kenna,Fredi,Kenna.Fredi@gmail.com,developer,commercial,27667,yes,LE,385,3052,0
658,Talya,Charity,Talya.Charity@gmail.com,police officer,commercial,27657,yes,RG,386,3043,0
177,Stephanie,Garbe,Stephanie.Garbe@gmail.com,police officer,business,27648,no,HA,387,3035,0
530,Leeanne,Nance,Leeanne.Nance@gmail.com,firefighter,commercial,27643,no,EC,388,3031,0
463,Stevana,Armanda,Stevana.Armanda@gmail.com,doctor,personal and business,27633,yes,E1,389,3022,0
960,Dale,Diann,Dale.Diann@gmail.com,doctor,personal,27631,no,RM,390,3021,0
634,Theodora,Alice,Theodora.Alice@gmail.com,firefighter,private,27629,yes,B3,391,3020,0
178,Tatiania,Devlen,Tatiania.Devlen@gmail.com,firefighter,personal,27619,yes,NP,392,3011,0
256,Viki,Garek,Viki.Garek@gmail.com,worker,business,27611,yes,IG,393,3004,0
246,Ivett,Odysseus,Ivett.Odysseus@gmail.com,firefighter,commercial,27609,no,PR,394,3003,0
684,Britni,Ahab,Britni.Ahab@gmail.com,worker,personal and business,27606,no,DH,395,3001,0
708,Etta,Raychel,Etta.Raychel@gmail.com,doctor,private,27599,no,HA,396,2995,0
702,Neila,Maurine,Neila.Maurine@gmail.com,developer,business,27597,no,AB,397,2994,0
164,Hyacinthe,Gordon,Hyacinthe.Gordon@gmail.com,developer,personal,27595,yes,EC,398,2993,0
926,Jennica,Jethro,Jennica.Jethro@gmail.com,police officer,personal,27593,no,NE,399,2992,0
319,Eugine,Lemuela,Eugine.Lemuela@gmail.com,worker,personal,27583,yes,PE,400,2983,0
992,Wileen,Lutero,Wileen.Lutero@gmail.com,doctor,business,27581,no,BD,401,2982,0
711,Leona,Sekofski,Leona.Sekofski@gmail.com,firefighter,business,27579,no,HA,402,2981,0
739,Ninnetta,Alice,Ninnetta.Alice@gmail.com,doctor,business,27574,yes,PH,403,2977,0
974,Sabina,Daniele,Sabina.Daniele@gmail.com,developer,private,27569,yes,AB,404,2973,0
274,Flory,Elsinore,Flory.Elsinore@gmail.com,engineer,personal,27562,yes,DH,405,2967,0
362,Mariann,Schenck,Mariann.Schenck@gmail.com,developer,private,27560,yes,ME,406,2966,0
239,Desirae,Herrera,Desirae.Herrera@gmail.com,doctor,private,27554,no,PL,407,2961,0
728,Evaleen,Rad,Evaleen.Rad@gmail.com,firefighter,personal and business,27552,yes,LE,408,2960,0
858,Lacie,Anestassia,Lacie.Anestassia@gmail.com,developer,personal,27551,yes,N1,409,2960,0
951,Kristina,Cornelia,Kristina.Cornelia@gmail.com,engineer,personal and business,27546,no,N1,410,2956,0
429,Cissiee,Etom,Cissiee.Etom@gmail.com,engineer,commercial,27544,yes,HP,411,2955,0
293,Kate,Nedrud,Kate.Nedrud@gmail.com,developer,personal,27542,no,NP,412,2954,0
615,Zsa Zsa,Halsey,Zsa Zsa.Halsey@gmail.com,police officer,private,27541,yes,PO,413,2954,0
146,Micheline,Arne,Micheline.Arne@gmail.com,worker,personal and business,27538,yes,AB,414,2952,0
984,Tina,Glenden,Tina.Glenden@gmail.com,worker,personal and business,27532,no,N1,415,2947,0
1057,Leia,Artie,Leia.Artie@gmail.com,worker,personal and business,27531,yes,PR,416,2947,0
636,Nananne,Lubin,Nananne.Lubin@gmail.com,developer,personal,27525,yes,M1,417,2942,0
1086,Dode,Lia,Dode.Lia@gmail.com,engineer,business,27524,yes,RG,418,2942,0
862,Kamilah,Garlinda,Kamilah.Garlinda@gmail.com,engineer,private,27522,no,CM,419,2941,0
1020,Elena,Kravits,Elena.Kravits@gmail.com,developer,personal and business,27520,no,EH,420,2940,0
1030,Basia,Hirsch,Basia.Hirsch@gmail.com,police officer,commercial,27499,no,AB,421,2920,0
518,Susan,Magdalen,Susan.Magdalen@gmail.com,firefighter,business,27492,no,E1,422,2914,0
126,Selia,Capello,Selia.Capello@gmail.com,worker,commercial,27485,no,G1,423,2908,0
385,Gale,Fredi,Gale.Fredi@gmail.com,developer,private,27476,no,RH,424,2900,0
1021,Blake,Linskey,Blake.Linskey@gmail.com,developer,business,27472,yes,BS,425,2897,0
495,Chickie,Pulsifer,Chickie.Pulsifer@gmail.com,worker,commercial,27467,no,BA,426,2893,0
844,Korrie,Freddi,Korrie.Freddi@gmail.com,worker,personal and business,27462,yes,N1,427,2889,0
753,Glenda,Arvo,Glenda.Arvo@gmail.com,engineer,commercial,27452,yes,G1,428,2880,0
315,Maryellen,Goldina,Maryellen.Goldina@gmail.com,doctor,personal,27446,no,N1,429,2875,0
762,Mildrid,Thar,Mildrid.Thar@gmail.com,engineer,commercial,27443,no,PR,430,2873,0
648,Zondra,Oriana,Zondra.Oriana@gmail.com,doctor,personal,27440,yes,CR,431,2871,0
475,Deedee,Rese,Deedee.Rese@gmail.com,engineer,commercial,27431,yes,RG,432,2863,0
128,Robinia,Urania,Robinia.Urania@gmail.com,developer,private,27418,no,BL,433,2851,0
289,Inga,Georgy,Inga.Georgy@gmail.com,worker,business,27407,no,RG,434,2841,0
360,Margarette,Cutlerr,Margarette.Cutlerr@gmail.com,firefighter,personal,27406,no,L1,435,2841,0
637,Sindee,Gordon,Sindee.Gordon@gmail.com,police officer,commercial,27401,yes,EH,436,2837,0
383,Jerry,Keily,Jerry.Keily@gmail.com,doctor,personal and business,27396,no,PL,437,2833,0
442,Jolyn,Ehrman,Jolyn.Ehrman@gmail.com,worker,business,27395,yes,CM,438,2833,0
488,Gratia,Rubie,Gratia.Rubie@gmail.com,engineer,business,27394,no,NG,439,2833,0
955,Lorie,Franza,Lorie.Franza@gmail.com,engineer,personal,27393,yes,BL,440,2833,0
115,Libbie,Marisa,Libbie.Marisa@gmail.com,engineer,commercial,27391,no,PO,441,2832,0
338,Concettina,Cressida,Concettina.Cressida@gmail.com,worker,commercial,27389,no,G1,442,2831,0
975,Lacie,Maurine,Lacie.Maurine@gmail.com,engineer,personal and business,27382,yes,RH,443,2825,0
646,Pamella,Weitman,Pamella.Weitman@gmail.com,worker,business,27372,no,PL,444,2816,0
361,Pollyanna,Evangelia,Pollyanna.Evangelia@gmail.com,engineer,personal and business,27365,no,GL,445,2810,0
242,Wynne,Vivle,Wynne.Vivle@gmail.com,police officer,personal and business,27362,no,RM,446,2808,0
651,Ana,Azeria,Ana.Azeria@gmail.com,worker,personal,27361,yes,EH,447,2808,0
229,Devina,Alva,Devina.Alva@gmail.com,developer,personal and business,27357,yes,LL,448,2805,0
904,Jennica,Alcott,Jennica.Alcott@gmail.com,doctor,personal and business,27353,yes,OX,449,2802,0
380,Desirae,Vivle,Desirae.Vivle@gmail.com,firefighter,personal and business,27348,no,PR,450,2798,0
401,Althea,Rugen,Althea.Rugen@gmail.com,doctor,business,27346,yes,CM,451,2797,0
915,Bee,Thornburg,Bee.Thornburg@gmail.com,doctor,private,27342,no,RH,452,2794,0
370,Sean,Demitria,Sean.Demitria@gmail.com,worker,personal,27340,no,BD,453,2793,0
252,Karlee,Holbrook,Karlee.Holbrook@gmail.com,police officer,personal and business,27336,yes,PL,454,2790,0
1048,Sarette,Federica,Sarette.Federica@gmail.com,developer,personal,27335,yes,ME,455,2790,0
894,Hallie,Olin,Hallie.Olin@gmail.com,doctor,private,27333,no,E1,456,2789,0
673,Celisse,Dex,Celisse.Dex@gmail.com,developer,business,27322,yes,PR,457,2779,0
660,Rhoda,Parette,Rhoda.Parette@gmail.com,worker,business,27319,no,CR,458,2777,0
780,Nelle,Jehu,Nelle.Jehu@gmail.com,worker,personal,27313,no,PR,459,2772,0
583,Arlena,Naashom,Arlena.Naashom@gmail.com,worker,private,27306,yes,PO,460,2766,0
481,Annaliese,Greenwald,Annaliese.Greenwald@gmail.com,worker,business,27291,yes,OX,461,2752,0
947,Shandie,Lail,Shandie.Lail@gmail.com,developer,personal and business,27288,no,PA,462,2750,0
498,Renae,Chapland,Renae.Chapland@gmail.com,firefighter,commercial,27286,yes,OX,463,2749,0
714,Caryl,Atonsah,Caryl.Atonsah@gmail.com,engineer,private,27285,yes,GL,464,2749,0
765,Fawne,Romelda,Fawne.Romelda@gmail.com,developer,business,27280,no,B3,465,2745,0
281,Kittie,Juan,Kittie.Juan@gmail.com,developer,private,27273,yes,NE,466,2739,0
212,Julieta,Cyrie,Julieta.Cyrie@gmail.com,worker,personal,27264,yes,KA,467,2731,0
692,Tarra,Martsen,Tarra.Martsen@gmail.com,police officer,private,27260,no,RH,468,2728,0
990,Roberta,Eno,Roberta.Eno@gmail.com,firefighter,private,27257,yes,PE,469,2726,0
419,Hermione,Aprile,Hermione.Aprile@gmail.com,doctor,private,27252,yes,DH,470,2722,0
445,Lolita,Teryn,Lolita.Teryn@gmail.com,police officer,business,27244,yes,KA,471,2715,0
1060,Raf,Astra,Raf.Astra@gmail.com,police officer,personal,27238,yes,FY,472,2710,0
543,Demetris,Odell,Demetris.Odell@gmail.com,doctor,personal,27236,yes,RM,473,2709,0
966,Gilda,Huggins,Gilda.Huggins@gmail.com,doctor,personal,27235,yes,FY,474,2709,0
451,Lucille,Marisa,Lucille.Marisa@gmail.com,engineer,commercial,27224,yes,DH,475,2699,0
806,Pierette,Raimondo,Pierette.Raimondo@gmail.com,police officer,personal,27220,yes,FK,476,2696,0
760,Belinda,Carri,Belinda.Carri@gmail.com,police officer,personal,27202,yes,GL,477,2679,0
860,Desirae,Brotherson,Desirae.Brotherson@gmail.com,firefighter,personal,27195,no,HA,478,2673,0
169,Merry,Avi,Merry.Avi@gmail.com,worker,business,27192,no,M1,479,2671,0
431,Latisha,Marden,Latisha.Marden@gmail.com,engineer,personal,27188,yes,DY,480,2668,0
477,Gui,Diann,Gui.Diann@gmail.com,engineer,private,27177,yes,OX,481,2658,0
979,Orelia,Fiann,Orelia.Fiann@gmail.com,worker,private,27175,no,BA,482,2657,0
452,Laurene,Sallyann,Laurene.Sallyann@gmail.com,doctor,business,27171,yes,PE,483,2654,0
667,Katharina,Zaslow,Katharina.Zaslow@gmail.com,doctor,business,27163,yes,BD,484,2647,0
741,Allis,Kare,Allis.Kare@gmail.com,engineer,personal,27161,no,PH,485,2646,0
336,Fred,Eliathas,Fred.Eliathas@gmail.com,worker,commercial,27158,no,DY,486,2644,0
944,Celisse,Thar,Celisse.Thar@gmail.com,worker,business,27156,no,PH,487,2643,0
214,Andeee,Donoghue,Andeee.Donoghue@gmail.com,engineer,personal,27153,yes,CM,488,2641,0
685,Jacquetta,Thad,Jacquetta.Thad@gmail.com,doctor,business,27145,yes,PO,489,2634,0
1011,Molli,Tannie,Molli.Tannie@gmail.com,doctor,personal and business,27141,no,KA,490,2631,0
248,Lenna,Gilbertson,Lenna.Gilbertson@gmail.com,engineer,business,27131,no,FY,491,2622,0
611,Sandie,Alfons,Sandie.Alfons@gmail.com,worker,business,27130,yes,RM,492,2622,0
307,Adelle,Vorster,Adelle.Vorster@gmail.com,worker,personal,27125,no,HA,493,2618,0
571,Brianna,Vilma,Brianna.Vilma@gmail.com,police officer,private,27122,yes,EH,494,2616,0
635,Emylee,Ortrude,Emylee.Ortrude@gmail.com,engineer,private,27117,yes,ME,495,2612,1
150,Fina,Christal,Fina.Christal@gmail.com,worker,commercial,27114,no,KA,496,2610,0
730,Robinia,Ariella,Robinia.Ariella@gmail.com,firefighter,private,27108,yes,L1,497,2605,0
231,Shannah,Viddah,Shannah.Viddah@gmail.com,doctor,private,27105,no,BA,498,2603,0
476,Ursulina,Ehrman,Ursulina.Ehrman@gmail.com,worker,private,27104,no,IP,499,2603,0
925,Allyce,Zamora,Allyce.Zamora@gmail.com,doctor,personal,27103,no,PL,500,2603,1
1022,Catharine,Isidore,Catharine.Isidore@gmail.com,police officer,business,27101,no,LL,501,2602,0
174,Isa,Erminia,Isa.Erminia@gmail.com,police officer,business,27098,no,KY,502,2600,0
847,Glynnis,Jorgan,Glynnis.Jorgan@gmail.com,police officer,personal,27095,yes,JE,503,2598,0
745,Wileen,Tannie,Wileen.Tannie@gmail.com,firefighter,commercial,27090,no,EH,504,2594,0
454,Harmonia,Kirstin,Harmonia.Kirstin@gmail.com,developer,commercial,27088,yes,CM,505,2593,0
548,Christal,Ackerley,Christal.Ackerley@gmail.com,developer,personal and business,27087,no,OX,506,2593,0
1040,Jean,Rugen,Jean.Rugen@gmail.com,firefighter,business,27085,yes,PA,507,2592,0
641,Kristina,Artie,Kristina.Artie@gmail.com,police officer,business,27079,no,PE,508,2587,0
882,Sean,Madelene,Sean.Madelene@gmail.com,engineer,business,27078,no,M1,509,2587,0
663,Glynnis,Daegal,Glynnis.Daegal@gmail.com,developer,private,27076,no,NE,510,2586,0
539,Clementine,Chauncey,Clementine.Chauncey@gmail.com,worker,personal,27074,yes,NG,511,2585,0
482,Adore,Iaverne,Adore.Iaverne@gmail.com,engineer,personal and business,27070,yes,ME,512,2582,0
541,Sonni,Bohlin,Sonni.Bohlin@gmail.com,firefighter,business,27066,no,ME,513,2579,0
983,Concettina,Sancho,Concettina.Sancho@gmail.com,police officer,business,27046,yes,LL,514,2560,0
1079,Bobinette,Chick,Bobinette.Chick@gmail.com,engineer,commercial,27042,yes,CR,515,2557,0
559,Marjie,Publia,Marjie.Publia@gmail.com,developer,private,27029,yes,E1,516,2545,0
261,Cherrita,Goddard,Cherrita.Goddard@gmail.com,firefighter,commercial,27027,no,L1,517,2544,0
219,Philis,Garek,Philis.Garek@gmail.com,doctor,personal and business,27020,no,LL,518,2538,0
104,Kalina,Winthorpe,Kalina.Winthorpe@gmail.com,police officer,commercial,27018,no,DY,519,2537,0
116,Kaia,Eiser,Kaia.Eiser@gmail.com,doctor,personal,27017,no,E1,520,2537,0
576,Meg,Fontana,Meg.Fontana@gmail.com,firefighter,private,27014,no,JE,521,2535,0
507,Beatriz,Terencio,Beatriz.Terencio@gmail.com,engineer,private,27011,no,OL,522,2533,0
775,Constance,Quinn,Constance.Quinn@gmail.com,police officer,private,27007,yes,IP,523,2530,0
514,Georgetta,Meli,Georgetta.Meli@gmail.com,engineer,personal and business,27000,no,AB,524,2524,0
733,Betta,Mata,Betta.Mata@gmail.com,doctor,private,26992,yes,EC,525,2517,0
650,Britni,Bronk,Britni.Bronk@gmail.com,doctor,personal,26982,yes,IG,526,2508,0
377,Codie,Pauly,Codie.Pauly@gmail.com,developer,business,26980,no,BA,527,2507,0
416,Nicoli,Greyson,Nicoli.Greyson@gmail.com,engineer,commercial,26978,no,OL,528,2506,0
1097,Teddie,Sinegold,Teddie.Sinegold@gmail.com,worker,personal and business,26976,no,IP,529,2505,0
839,Lory,Schalles,Lory.Schalles@gmail.com,doctor,business,26974,yes,BS,530,2504,0
618,Sybille,Medrek,Sybille.Medrek@gmail.com,developer,personal and business,26961,yes,PO,531,2492,0
320,Vevay,Turne,Vevay.Turne@gmail.com,police officer,private,26954,yes,B3,532,2486,0
397,Selma,Ludewig,Selma.Ludewig@gmail.com,firefighter,private,26948,no,PR,533,2481,0
386,Charmaine,Stover,Charmaine.Stover@gmail.com,police officer,private,26946,no,GL,534,2480,0
764,Oona,Whiffen,Oona.Whiffen@gmail.com,firefighter,business,26945,yes,LE,535,2480,0
172,Lucy,Naor,Lucy.Naor@gmail.com,doctor,personal and business,26942,yes,AB,536,2478,0
302,Bernardine,Naashom,Bernardine.Naashom@gmail.com,firefighter,commercial,26937,no,L1,537,2474,0
909,Reeba,Nance,Reeba.Nance@gmail.com,doctor,personal and business,26934,yes,JE,538,2472,0
786,Ricky,Fulmer,Ricky.Fulmer@gmail.com,engineer,personal,26925,no,L1,539,2464,0
911,Adriana,Hachmin,Adriana.Hachmin@gmail.com,engineer,private,26922,yes,HP,540,2462,0
569,Lorenza,Lauraine,Lorenza.Lauraine@gmail.com,police officer,personal,26916,yes,CM,541,2457,0
235,Georgina,Erminia,Georgina.Erminia@gmail.com,developer,private,26912,no,PH,542,2454,0
657,Dotty,Radu,Dotty.Radu@gmail.com,firefighter,personal and business,26906,no,OL,543,2449,0
609,Shannah,Santoro,Shannah.Santoro@gmail.com,firefighter,business,26889,no,ME,544,2433,0
594,Sue,Bach,Sue.Bach@gmail.com,developer,private,26882,no,RG,545,2427,0
139,Carree,Johnsson,Carree.Johnsson@gmail.com,engineer,private,26873,yes,NE,546,2419,0
743,Maud,Morehouse,Maud.Morehouse@gmail.com,worker,personal and business,26869,no,FK,547,2416,0
1087,Katharina,Lasley,Katharina.Lasley@gmail.com,police officer,private,26865,yes,CB,548,2413,0
358,Dennie,Natalia,Dennie.Natalia@gmail.com,police officer,commercial,26846,no,BA,549,2395,0
828,Antonietta,Saint,Antonietta.Saint@gmail.com,engineer,business,26839,no,CB,550,2389,0
838,Gilligan,Lesley,Gilligan.Lesley@gmail.com,police officer,personal and business,26838,yes,RM,551,2389,0
867,Mary,Infield,Mary.Infield@gmail.com,doctor,personal and business,26830,no,FY,552,2382,0
148,Evita,Honoria,Evita.Honoria@gmail.com,police officer,private,26817,no,G1,553,2370,0
448,Keelia,Rosemary,Keelia.Rosemary@gmail.com,police officer,personal and business,26816,yes,M1,554,2370,0
487,Frances,Fosque,Frances.Fosque@gmail.com,doctor,personal,26812,yes,DA,555,2367,0
204,Priscilla,Juan,Priscilla.Juan@gmail.com,firefighter,personal,26809,no,GL,556,2365,0
603,Belinda,Lorain,Belinda.Lorain@gmail.com,engineer,personal,26806,yes,BS,557,2363,0
447,Valeda,Gombach,Valeda.Gombach@gmail.com,doctor,commercial,26801,yes,DY,558,2359,0
1081,Jean,Autrey,Jean.Autrey@gmail.com,doctor,private,26796,no,DY,559,2355,0
520,Pearline,Schalles,Pearline.Schalles@gmail.com,police officer,personal,26794,no,IG,560,2354,0
213,Selia,Donoghue,Selia.Donoghue@gmail.com,police officer,personal,26789,yes,FK,561,2350,0
878,Elise,Behre,Elise.Behre@gmail.com,developer,private,26787,no,M1,562,2349,0
880,Jillayne,Estella,Jillayne.Estella@gmail.com,worker,commercial,26782,no,N1,563,2345,0
424,Ida,Kylander,Ida.Kylander@gmail.com,firefighter,private,26778,no,BA,564,2342,0
557,Roslyn,Sekofski,Roslyn.Sekofski@gmail.com,engineer,personal,26777,yes,NE,565,2342,0
555,Christian,Orpah,Christian.Orpah@gmail.com,developer,personal and business,26773,no,DH,566,2339,0
527,Vere,Melan,Vere.Melan@gmail.com,developer,personal and business,26755,no,GU,567,2322,0
203,Priscilla,Margarete,Priscilla.Margarete@gmail.com,worker,personal,26750,yes,DA,568,2318,0
957,Ninnetta,Khorma,Ninnetta.Khorma@gmail.com,engineer,commercial,26739,no,AB,569,2308,0
913,Ricky,Fleeta,Ricky.Fleeta@gmail.com,firefighter,personal and business,26729,no,CM,570,2299,0
234,Amelia,Kermit,Amelia.Kermit@gmail.com,firefighter,private,26710,no,BS,571,2281,0
546,Melodie,Weitman,Melodie.Weitman@gmail.com,developer,business,26689,yes,BD,572,2261,0
748,Kary,Egbert,Kary.Egbert@gmail.com,police officer,private,26677,yes,CB,573,2250,0
499,Felice,Lanita,Felice.Lanita@gmail.com,police officer,commercial,26669,yes,BD,574,2243,0
596,Beth,Maribeth,Beth.Maribeth@gmail.com,worker,business,26667,yes,N1,575,2242,0
578,Adriana,Larochelle,Adriana.Larochelle@gmail.com,police officer,private,26646,yes,IP,576,2222,0
579,Clary,Grobe,Clary.Grobe@gmail.com,worker,business,26644,yes,HP,577,2221,0
921,Ebonee,Teryn,Ebonee.Teryn@gmail.com,developer,personal,26640,no,BL,578,2218,0
771,Bettine,Marden,Bettine.Marden@gmail.com,doctor,commercial,26633,no,M1,579,2212,0
941,Christal,Quinn,Christal.Quinn@gmail.com,police officer,commercial,26627,yes,OX,580,2207,0
233,Keelia,Lareena,Keelia.Lareena@gmail.com,engineer,commercial,26619,no,BS,581,2200,0
697,Ingrid,Rosette,Ingrid.Rosette@gmail.com,firefighter,commercial,26609,no,HA,582,2191,0
850,Shirlee,Posner,Shirlee.Posner@gmail.com,engineer,commercial,26598,yes,BA,583,2181,0
554,Janeczka,Nikaniki,Janeczka.Nikaniki@gmail.com,worker,commercial,26593,no,LE,584,2177,0
1039,Kore,Durware,Kore.Durware@gmail.com,worker,business,26583,yes,L1,585,2168,0
622,Kalina,Vernier,Kalina.Vernier@gmail.com,developer,personal,26581,yes,NG,586,2167,0
376,Kassey,Korey,Kassey.Korey@gmail.com,doctor,personal and business,26575,yes,DY,587,2162,0
357,Tracey,Estella,Tracey.Estella@gmail.com,doctor,personal,26568,no,NP,588,2156,0
756,Doralynne,Screens,Doralynne.Screens@gmail.com,police officer,personal and business,26567,yes,NP,589,2156,0
656,Mireielle,Bergman,Mireielle.Bergman@gmail.com,police officer,business,26565,no,AB,590,2155,0
208,Evaleen,Sadowski,Evaleen.Sadowski@gmail.com,developer,private,26556,yes,GU,591,2147,0
368,Carree,Jobi,Carree.Jobi@gmail.com,firefighter,commercial,26555,no,OL,592,2147,0
251,Theodora,Mozelle,Theodora.Mozelle@gmail.com,police officer,private,26551,no,EH,593,2144,0
506,Kassey,Madelene,Kassey.Madelene@gmail.com,doctor,business,26547,no,OL,594,2141,0
503,Britte,Giff,Britte.Giff@gmail.com,engineer,commercial,26518,no,OL,595,2113,0
689,Dawn,Flyn,Dawn.Flyn@gmail.com,police officer,personal and business,26509,yes,EH,596,2105,0
425,Vevay,Merna,Vevay.Merna@gmail.com,engineer,personal,26507,yes,RH,597,2104,0
970,Doro,Eugenia,Doro.Eugenia@gmail.com,firefighter,commercial,26505,yes,PL,598,2103,0
920,Beverley,Tannie,Beverley.Tannie@gmail.com,worker,private,26500,yes,KA,599,2099,0
542,Hayley,Wittie,Hayley.Wittie@gmail.com,engineer,private,26498,no,KA,600,2098,0
1093,Jasmina,Jary,Jasmina.Jary@gmail.com,firefighter,business,26488,yes,PE,601,2089,0
326,Wynne,Dimitris,Wynne.Dimitris@gmail.com,worker,business,26484,yes,JE,602,2086,0
551,Calla,Vittoria,Calla.Vittoria@gmail.com,police officer,personal,26479,yes,L1,603,2082,0
228,Deirdre,Pattin,Deirdre.Pattin@gmail.com,firefighter,private,26476,no,BL,604,2080,0
805,Leontine,Bashemeth,Leontine.Bashemeth@gmail.com,police officer,personal and business,26472,yes,M1,605,2077,0
962,Ninnetta,Joeann,Ninnetta.Joeann@gmail.com,police officer,business,26471,no,PH,606,2077,0
1034,Nessie,Hamil,Nessie.Hamil@gmail.com,firefighter,commercial,26469,no,PH,607,2076,0
633,Sashenka,Rubie,Sashenka.Rubie@gmail.com,developer,private,26459,yes,PH,608,2067,0
812,Concettina,Allare,Concettina.Allare@gmail.com,doctor,personal,26451,no,G1,609,2060,0
1080,Anallese,Pozzy,Anallese.Pozzy@gmail.com,firefighter,commercial,26443,no,NE,610,2053,0
124,Shell,Brunell,Shell.Brunell@gmail.com,doctor,personal and business,26438,no,PE,611,2049,0
434,Doralynne,Keelia,Doralynne.Keelia@gmail.com,worker,private,26435,yes,PR,612,2047,0
604,Veda,Olnee,Veda.Olnee@gmail.com,police officer,personal and business,26434,yes,PR,613,2047,0
269,Halette,Earlie,Halette.Earlie@gmail.com,doctor,private,26430,yes,PA,614,2044,0
982,Lynea,Capello,Lynea.Capello@gmail.com,doctor,commercial,26422,no,GL,615,2037,0
553,Cyndie,Harday,Cyndie.Harday@gmail.com,engineer,personal and business,26419,no,HP,616,2035,0
282,Kristina,Saint,Kristina.Saint@gmail.com,doctor,private,26409,yes,PH,617,2026,0
572,Esmeralda,Kare,Esmeralda.Kare@gmail.com,worker,business,26403,yes,DH,618,2021,0
156,Ninnetta,Marden,Ninnetta.Marden@gmail.com,engineer,commercial,26394,no,PE,619,2013,0
355,Amara,Jacinda,Amara.Jacinda@gmail.com,police officer,private,26393,yes,NP,620,2013,0
305,Eugine,Carlson,Eugine.Carlson@gmail.com,police officer,business,26388,no,L1,621,2009,0
127,Siana,Kussell,Siana.Kussell@gmail.com,firefighter,personal and business,26386,yes,NG,622,2008,0
260,Annice,Sinegold,Annice.Sinegold@gmail.com,police officer,personal,26365,no,IG,623,1988,0
772,Cherrita,Miru,Cherrita.Miru@gmail.com,doctor,business,26358,yes,NW,624,1982,0
140,Gerianna,Bashemeth,Gerianna.Bashemeth@gmail.com,firefighter,personal and business,26350,yes,GU,625,1975,0
969,Zia,Maisey,Zia.Maisey@gmail.com,doctor,personal and business,26348,no,N1,626,1974,0
1071,Merci,Susannah,Merci.Susannah@gmail.com,engineer,personal,26342,no,OL,627,1969,0
600,Libbie,Sisile,Libbie.Sisile@gmail.com,developer,personal and business,26337,no,PO,628,1965,0
865,Maisey,Prober,Maisey.Prober@gmail.com,firefighter,personal,26331,no,N1,629,1960,0
244,Alyda,Trey,Alyda.Trey@gmail.com,doctor,personal and business,26320,no,NW,630,1950,0
352,Maridel,Ietta,Maridel.Ietta@gmail.com,engineer,personal,26314,yes,L1,631,1945,0
841,Margalo,Zaslow,Margalo.Zaslow@gmail.com,engineer,business,26310,yes,NW,632,1942,0
391,Lisette,Kolnick,Lisette.Kolnick@gmail.com,developer,private,26304,yes,OL,633,1937,0
793,Dacia,Concha,Dacia.Concha@gmail.com,engineer,business,26295,no,NW,634,1929,0
931,Marleah,Alwin,Marleah.Alwin@gmail.com,doctor,personal and business,26289,no,LL,635,1924,0
379,Nanete,Mathilde,Nanete.Mathilde@gmail.com,worker,business,26286,no,OX,636,1922,0
626,Therine,Gregrory,Therine.Gregrory@gmail.com,developer,private,26273,no,KA,637,1910,0
738,Nannie,Jammal,Nannie.Jammal@gmail.com,firefighter,business,26272,no,OL,638,1910,0
683,Frieda,Francyne,Frieda.Francyne@gmail.com,worker,personal,26253,yes,RH,639,1892,0
698,Ricky,Lindemann,Ricky.Lindemann@gmail.com,doctor,personal and business,26249,yes,FY,640,1889,0
341,Minne,Buffum,Minne.Buffum@gmail.com,worker,personal,26242,no,PO,641,1883,0
135,Catrina,Marijo,Catrina.Marijo@gmail.com,police officer,personal and business,26237,no,BA,642,1879,0
157,Jillayne,Cleo,Jillayne.Cleo@gmail.com,developer,commercial,26236,yes,N1,643,1879,0
153,Cissiee,Jehu,Cissiee.Jehu@gmail.com,police officer,business,26225,no,PE,644,1869,0
414,Lynde,Cynar,Lynde.Cynar@gmail.com,doctor,business,26202,yes,BL,645,1847,0
314,Dorice,Durware,Dorice.Durware@gmail.com,doctor,personal,26196,no,FY,646,1842,0
218,Imojean,Libna,Imojean.Libna@gmail.com,engineer,business,26194,no,NE,647,1841,1
151,Blinni,Orelee,Blinni.Orelee@gmail.com,firefighter,business,26192,no,IG,648,1840,1
1092,Elsie,Gregrory,Elsie.Gregrory@gmail.com,firefighter,commercial,26189,yes,LE,649,1838,1
665,Kenna,Kosey,Kenna.Kosey@gmail.com,firefighter,private,26187,no,RH,650,1837,1
300,Sadie,Colp,Sadie.Colp@gmail.com,firefighter,personal and business,26181,no,GU,651,1832,1
928,Annabela,Kiersten,Annabela.Kiersten@gmail.com,firefighter,private,26178,no,B3,652,1830,1
1028,Rosabelle,Rocray,Rosabelle.Rocray@gmail.com,doctor,personal and business,26177,no,EH,653,1830,1
997,Lily,Gemini,Lily.Gemini@gmail.com,doctor,private,26154,no,G1,654,1808,1
545,Kaia,Shirberg,Kaia.Shirberg@gmail.com,doctor,personal and business,26146,no,KA,655,1801,1
407,Barbi,Ciro,Barbi.Ciro@gmail.com,engineer,personal,26135,yes,NP,656,1791,1
826,Frances,Carri,Frances.Carri@gmail.com,worker,business,26124,no,DA,657,1781,1
1076,Danny,Grimbly,Danny.Grimbly@gmail.com,firefighter,commercial,26119,no,EC,658,1777,1
225,Lila,Tjon,Lila.Tjon@gmail.com,developer,personal and business,26114,no,PE,659,1773,1
136,Dorthy,Martguerita,Dorthy.Martguerita@gmail.com,developer,commercial,26110,yes,EC,660,1770,1
952,Evaleen,Rurik,Evaleen.Rurik@gmail.com,firefighter,commercial,26108,no,M1,661,1769,1
301,Charmaine,Anderea,Charmaine.Anderea@gmail.com,worker,business,26102,no,EC,662,1764,1
580,Lucille,Presber,Lucille.Presber@gmail.com,police officer,business,26101,no,CM,663,1764,1
686,Priscilla,Grobe,Priscilla.Grobe@gmail.com,doctor,commercial,26098,no,N1,664,1762,1
1077,Queenie,Quent,Queenie.Quent@gmail.com,engineer,commercial,26097,yes,CR,665,1762,1
1066,Hildegaard,Kylander,Hildegaard.Kylander@gmail.com,doctor,personal,26091,no,DY,666,1757,1
590,Consuela,Yam,Consuela.Yam@gmail.com,doctor,personal,26089,no,HA,667,1756,1
466,Nadine,Curren,Nadine.Curren@gmail.com,firefighter,personal,26064,yes,E1,668,1732,1
573,Roz,Alejoa,Roz.Alejoa@gmail.com,worker,personal,26063,no,EH,669,1732,1
950,Corene,Lilybelle,Corene.Lilybelle@gmail.com,firefighter,personal,26062,yes,GL,670,1732,1
160,Brianna,Evangelia,Brianna.Evangelia@gmail.com,firefighter,personal,26060,no,DA,671,1731,1
317,Steffane,Kare,Steffane.Kare@gmail.com,police officer,commercial,26053,no,LL,672,1725,1
835,Suzette,Sothena,Suzette.Sothena@gmail.com,developer,personal and business,26051,yes,NE,673,1724,1
868,Farrah,Harned,Farrah.Harned@gmail.com,firefighter,private,26045,no,NG,674,1719,1
936,Annora,Germann,Annora.Germann@gmail.com,developer,private,26041,no,IP,675,1716,1
311,Viki,Infield,Viki.Infield@gmail.com,developer,business,26039,yes,PO,676,1715,1
890,Bettine,Modie,Bettine.Modie@gmail.com,doctor,personal and business,26033,yes,NG,677,1710,1
773,Lynnea,Braun,Lynnea.Braun@gmail.com,engineer,business,26030,yes,EH,678,1708,1
750,Clementine,Honoria,Clementine.Honoria@gmail.com,doctor,commercial,26020,yes,M1,679,1699,1
710,Christian,Glenden,Christian.Glenden@gmail.com,firefighter,commercial,26014,yes,RH,680,1694,1
1045,Siana,Goerke,Siana.Goerke@gmail.com,engineer,business,26002,yes,PL,681,1683,1
110,Kittie,Kaja,Kittie.Kaja@gmail.com,police officer,personal and business,25999,no,KA,682,1681,1
1052,Silvana,Justinn,Silvana.Justinn@gmail.com,worker,business,25989,yes,BD,683,1672,1
502,Michaelina,Jerald,Michaelina.Jerald@gmail.com,firefighter,personal and business,25984,yes,E1,684,1668,1
825,Ricky,Jethro,Ricky.Jethro@gmail.com,firefighter,personal and business,25980,no,RH,685,1665,1
154,Blinni,Brenn,Blinni.Brenn@gmail.com,engineer,business,25976,yes,KA,686,1662,1
544,Rosene,Rogerio,Rosene.Rogerio@gmail.com,developer,commercial,25972,no,IP,687,1659,1
930,Judy,Craggie,Judy.Craggie@gmail.com,worker,private,25970,no,RM,688,1658,1
294,Lolita,Hilbert,Lolita.Hilbert@gmail.com,engineer,commercial,25968,yes,PR,689,1657,1
763,Jessy,Gherardo,Jessy.Gherardo@gmail.com,police officer,business,25959,no,L1,690,1649,1
149,Kellen,Rozanna,Kellen.Rozanna@gmail.com,firefighter,personal,25941,no,DA,691,1632,1
215,Britte,Noelyn,Britte.Noelyn@gmail.com,police officer,private,25940,no,AB,692,1632,1
794,Darci,Craggie,Darci.Craggie@gmail.com,police officer,personal,25938,no,BD,693,1631,1
331,Allis,Stuart,Allis.Stuart@gmail.com,developer,personal and business,25936,yes,JE,694,1630,1
182,Melina,Cohdwell,Melina.Cohdwell@gmail.com,firefighter,private,25934,no,PO,695,1629,1
406,Allyce,Leonard,Allyce.Leonard@gmail.com,worker,personal,25932,yes,RG,696,1628,1
945,Michaelina,Louanna,Michaelina.Louanna@gmail.com,police officer,private,25929,no,NP,697,1626,1
746,Evita,Couture,Evita.Couture@gmail.com,developer,business,25925,no,ME,698,1623,1
421,Miquela,Yoko,Miquela.Yoko@gmail.com,engineer,personal and business,25923,yes,OX,699,1622,1
249,Letizia,Vorster,Letizia.Vorster@gmail.com,developer,personal and business,25917,no,DA,700,1617,1
726,Silvana,Mintz,Silvana.Mintz@gmail.com,engineer,personal,25913,yes,PO,701,1614,1
854,Esmeralda,Brenn,Esmeralda.Brenn@gmail.com,engineer,private,25907,no,AB,702,1609,1
547,Inga,Rosemary,Inga.Rosemary@gmail.com,firefighter,business,25902,no,OX,703,1605,1
690,Lelah,Hirsch,Lelah.Hirsch@gmail.com,developer,commercial,25901,yes,GU,704,1605,1
489,Shaylyn,Keelia,Shaylyn.Keelia@gmail.com,police officer,private,25896,yes,NP,705,1601,1
417,Liana,Norrie,Liana.Norrie@gmail.com,police officer,business,25880,no,OX,706,1586,1
132,Kimmy,Grobe,Kimmy.Grobe@gmail.com,firefighter,personal and business,25873,yes,FK,707,1580,1
1073,Alie,Santoro,Alie.Santoro@gmail.com,doctor,personal and business,25872,no,B3,708,1580,1
566,Albertina,Fulmer,Albertina.Fulmer@gmail.com,firefighter,private,25869,no,FY,709,1578,1
627,Robbi,Arvo,Robbi.Arvo@gmail.com,engineer,private,25868,yes,PH,710,1578,1
344,Farrah,Lattie,Farrah.Lattie@gmail.com,doctor,personal,25866,yes,NW,711,1577,1
155,Glenda,Friede,Glenda.Friede@gmail.com,developer,personal,25863,no,NP,712,1575,1
876,Penelopa,Decato,Penelopa.Decato@gmail.com,firefighter,personal and business,25861,no,OL,713,1574,1
815,Cindelyn,Leifeste,Cindelyn.Leifeste@gmail.com,worker,commercial,25852,no,CB,714,1566,1
681,Fred,Urias,Fred.Urias@gmail.com,developer,commercial,25849,yes,RH,715,1564,1
436,Carree,Means,Carree.Means@gmail.com,police officer,personal and business,25838,yes,G1,716,1554,1
989,Lenna,Jethro,Lenna.Jethro@gmail.com,doctor,commercial,25837,yes,RH,717,1554,1
291,Nikki,Ries,Nikki.Ries@gmail.com,worker,personal,25835,yes,ME,718,1553,1
1007,Jeanna,Buttaro,Jeanna.Buttaro@gmail.com,firefighter,commercial,25834,yes,BA,719,1553,1
510,Hildegaard,Vharat,Hildegaard.Vharat@gmail.com,doctor,commercial,25827,no,BD,720,1547,1
766,Gui,Yam,Gui.Yam@gmail.com,police officer,private,25810,no,BA,721,1531,1
661,Blake,Harl,Blake.Harl@gmail.com,developer,private,25806,yes,FY,722,1528,1
942,Heddie,Korey,Heddie.Korey@gmail.com,police officer,personal,25802,no,PE,723,1525,1
563,Cindelyn,Fairweather,Cindelyn.Fairweather@gmail.com,worker,private,25786,no,EH,724,1510,1
1095,Lita,Love,Lita.Love@gmail.com,police officer,private,25780,no,N1,725,1505,1
606,Roxane,Johanna,Roxane.Johanna@gmail.com,developer,business,25778,yes,LL,726,1504,1
853,Lexine,Arvo,Lexine.Arvo@gmail.com,firefighter,personal,25769,no,LE,727,1496,1
933,Valeda,Zeeba,Valeda.Zeeba@gmail.com,worker,private,25766,no,NP,728,1494,1
808,Alameda,Jotham,Alameda.Jotham@gmail.com,doctor,business,25753,no,LE,729,1482,1
170,Dolli,Hanshaw,Dolli.Hanshaw@gmail.com,doctor,commercial,25740,yes,CR,730,1470,1
995,Rosanne,Eliathas,Rosanne.Eliathas@gmail.com,police officer,business,25737,yes,EH,731,1468,1
179,Janey,Tengdin,Janey.Tengdin@gmail.com,police officer,private,25723,no,CM,732,1455,1
724,Elena,Emmy,Elena.Emmy@gmail.com,police officer,personal,25720,no,IP,733,1453,1
666,Isa,Zuzana,Isa.Zuzana@gmail.com,police officer,personal and business,25717,no,CM,734,1451,1
722,Addia,Hazlett,Addia.Hazlett@gmail.com,doctor,personal and business,25715,yes,PA,735,1450,1
1074,Caressa,Dom,Caressa.Dom@gmail.com,doctor,private,25714,yes,CM,736,1450,1
709,Tiffie,Gualtiero,Tiffie.Gualtiero@gmail.com,doctor,personal and business,25707,yes,EC,737,1444,1
830,Alameda,Sikorski,Alameda.Sikorski@gmail.com,doctor,personal,25704,no,DH,738,1442,1
729,Sadie,Thornburg,Sadie.Thornburg@gmail.com,firefighter,personal,25697,yes,RM,739,1436,1
595,Lynde,Ramona,Lynde.Ramona@gmail.com,developer,business,25692,yes,AB,740,1432,1
932,Sherrie,Pozzy,Sherrie.Pozzy@gmail.com,police officer,personal and business,25687,no,BA,741,1428,1
453,Lila,Irmine,Lila.Irmine@gmail.com,firefighter,personal and business,25676,yes,IG,742,1418,1
420,Daryl,Jess,Daryl.Jess@gmail.com,police officer,private,25673,no,RM,743,1416,1
350,Marline,Idelia,Marline.Idelia@gmail.com,doctor,business,25666,yes,OX,744,1410,1
896,Stacey,Judye,Stacey.Judye@gmail.com,worker,commercial,25662,yes,PO,745,1407,1
1067,Heida,Evangelia,Heida.Evangelia@gmail.com,firefighter,private,25654,no,PE,746,1400,1
807,Fernande,Bahr,Fernande.Bahr@gmail.com,firefighter,personal and business,25642,yes,RH,747,1389,1
892,Ketti,Parette,Ketti.Parette@gmail.com,engineer,personal and business,25635,yes,G1,748,1383,1
593,Frank,Kendrick,Frank.Kendrick@gmail.com,engineer,personal,25626,yes,CB,749,1375,1
333,Lynea,Erich,Lynea.Erich@gmail.com,doctor,personal and business,25624,no,LE,750,1374,1
119,Rubie,Nance,Rubie.Nance@gmail.com,firefighter,private,25621,yes,LL,751,1372,1
582,Ivett,Medrek,Ivett.Medrek@gmail.com,engineer,personal,25616,no,N1,752,1368,1
721,Mara,Daegal,Mara.Daegal@gmail.com,worker,personal,25611,no,DH,753,1364,1
1055,Ileana,Hermes,Ileana.Hermes@gmail.com,doctor,commercial,25604,yes,HP,754,1358,1
365,Arlina,Beniamino,Arlina.Beniamino@gmail.com,firefighter,business,25598,yes,OX,755,1353,1
457,Tybie,Lacombe,Tybie.Lacombe@gmail.com,firefighter,personal and business,25595,yes,LE,756,1351,1
1050,Melina,Lea,Melina.Lea@gmail.com,engineer,personal and business,25593,yes,HA,757,1350,1
784,Nataline,Manolo,Nataline.Manolo@gmail.com,developer,commercial,25591,yes,OX,758,1349,1
1047,Christy,Chandler,Christy.Chandler@gmail.com,doctor,personal and business,25588,no,N1,759,1347,1
194,Cristabel,Grosz,Cristabel.Grosz@gmail.com,police officer,personal,25583,no,G1,760,1343,1
472,Jillayne,Astra,Jillayne.Astra@gmail.com,developer,private,25568,yes,EC,761,1329,1
399,Elvira,Arley,Elvira.Arley@gmail.com,engineer,personal and business,25562,no,RG,762,1324,1
323,Konstance,Ferino,Konstance.Ferino@gmail.com,police officer,private,25560,no,PH,763,1323,1
798,Alyda,Colp,Alyda.Colp@gmail.com,developer,commercial,25558,no,KY,764,1322,1
168,Aubrie,Shaver,Aubrie.Shaver@gmail.com,worker,personal and business,25555,yes,PL,765,1320,1
1005,Sara-Ann,Nicoline,Sara-Ann.Nicoline@gmail.com,firefighter,personal,25548,yes,B3,766,1314,1
270,Adriana,Francyne,Adriana.Francyne@gmail.com,worker,personal,25546,yes,N1,767,1313,1
166,Darci,Phaidra,Darci.Phaidra@gmail.com,police officer,business,25543,no,CR,768,1311,1
308,Valeda,Uird,Valeda.Uird@gmail.com,firefighter,private,25538,no,PA,769,1307,1
712,Morganica,Howlyn,Morganica.Howlyn@gmail.com,developer,personal and business,25532,no,BS,770,1302,1
328,Gavrielle,Obed,Gavrielle.Obed@gmail.com,worker,personal,25525,no,EC,771,1296,1
469,Miquela,Brotherson,Miquela.Brotherson@gmail.com,developer,personal and business,25523,no,BS,772,1295,1
144,Angelique,Uird,Angelique.Uird@gmail.com,police officer,commercial,25520,no,EH,773,1293,1
935,Rosaline,Phyllis,Rosaline.Phyllis@gmail.com,doctor,personal,25506,no,ME,774,1280,1
971,Genevra,Mike,Genevra.Mike@gmail.com,engineer,personal,25500,yes,JE,775,1275,1
577,Eve,Swanhildas,Eve.Swanhildas@gmail.com,developer,commercial,25494,no,RG,776,1270,1
927,Millie,Khorma,Millie.Khorma@gmail.com,firefighter,personal,25486,yes,G1,777,1263,1
325,Merle,Fabiola,Merle.Fabiola@gmail.com,firefighter,private,25484,yes,NG,778,1262,1
1046,Katleen,Edee,Katleen.Edee@gmail.com,developer,personal,25462,no,DY,779,1241,1
1053,Blondelle,Kussell,Blondelle.Kussell@gmail.com,doctor,private,25458,yes,B3,780,1238,1
612,Kial,Gert,Kial.Gert@gmail.com,worker,personal,25454,yes,IG,781,1235,1
492,Rayna,Jenness,Rayna.Jenness@gmail.com,worker,private,25440,no,EC,782,1222,1
196,Chloris,Alwin,Chloris.Alwin@gmail.com,police officer,commercial,25437,no,CR,783,1220,1
901,Fred,Parette,Fred.Parette@gmail.com,doctor,business,25435,no,OX,784,1219,1
387,Evita,Winthorpe,Evita.Winthorpe@gmail.com,firefighter,personal and business,25433,yes,DA,785,1218,1
587,Ida,Hutchison,Ida.Hutchison@gmail.com,doctor,personal,25422,no,HA,786,1208,1
877,Katleen,McCutcheon,Katleen.McCutcheon@gmail.com,police officer,business,25400,yes,RG,787,1187,1
540,Fred,Jenness,Fred.Jenness@gmail.com,firefighter,commercial,25398,no,RM,788,1186,1
297,Leeanne,Publia,Leeanne.Publia@gmail.com,worker,business,25396,yes,BS,789,1185,1
918,Glynnis,Ingra,Glynnis.Ingra@gmail.com,doctor,business,25393,no,NG,790,1183,1
833,Kaia,Faria,Kaia.Faria@gmail.com,worker,commercial,25388,yes,PH,791,1179,1
744,Gretal,Trinetta,Gretal.Trinetta@gmail.com,firefighter,personal,25379,yes,PL,792,1171,1
688,Chickie,Suk,Chickie.Suk@gmail.com,firefighter,commercial,25376,yes,NE,793,1169,1
903,Micheline,Seessel,Micheline.Seessel@gmail.com,firefighter,personal,25369,yes,RH,794,1163,1
388,Agnese,Nerita,Agnese.Nerita@gmail.com,engineer,personal and business,25367,yes,KA,795,1162,1
680,Ilse,Jenness,Ilse.Jenness@gmail.com,police officer,commercial,25357,yes,DA,796,1153,1
143,Rivalee,Infield,Rivalee.Infield@gmail.com,firefighter,commercial,25347,yes,IG,797,1144,1
1027,Juliane,Malvino,Juliane.Malvino@gmail.com,worker,commercial,25345,yes,L1,798,1143,1
1002,Ekaterina,Leopold,Ekaterina.Leopold@gmail.com,worker,personal,25332,yes,HP,799,1131,1
427,Shaylyn,Weitman,Shaylyn.Weitman@gmail.com,engineer,personal and business,25318,no,NP,800,1118,1
852,Clarice,Chabot,Clarice.Chabot@gmail.com,police officer,personal,25315,no,GL,801,1116,1
639,Arlina,Swanhildas,Arlina.Swanhildas@gmail.com,firefighter,business,25311,no,CM,802,1113,1
1031,Dolli,Halla,Dolli.Halla@gmail.com,developer,personal,25310,yes,LL,803,1113,1
440,Meg,Means,Meg.Means@gmail.com,firefighter,personal,25281,yes,BL,804,1085,1
470,Sidoney,Terencio,Sidoney.Terencio@gmail.com,developer,private,25265,yes,KY,805,1070,1
778,Merci,Delacourt,Merci.Delacourt@gmail.com,firefighter,private,25251,no,E1,806,1057,1
198,Joane,Liva,Joane.Liva@gmail.com,developer,business,25246,no,JE,807,1053,1
216,Celestyna,Cosenza,Celestyna.Cosenza@gmail.com,doctor,commercial,25244,no,BD,808,1052,1
264,Mary,Parsaye,Mary.Parsaye@gmail.com,doctor,personal,25243,yes,KA,809,1052,1
517,Shannah,Ruvolo,Shannah.Ruvolo@gmail.com,doctor,business,25240,no,BS,810,1050,1
332,Lauryn,Borrell,Lauryn.Borrell@gmail.com,police officer,business,25238,no,CM,811,1049,1
790,Glynnis,Keily,Glynnis.Keily@gmail.com,police officer,personal,25237,yes,ME,812,1049,1
1012,Jany,Oneida,Jany.Oneida@gmail.com,doctor,private,25228,yes,M1,813,1041,1
243,Angela,Libna,Angela.Libna@gmail.com,police officer,personal,25224,no,NE,814,1038,1
531,Steffane,Katrine,Steffane.Katrine@gmail.com,engineer,business,25207,yes,RM,815,1022,1
504,Lyssa,Aaberg,Lyssa.Aaberg@gmail.com,police officer,private,25199,yes,OL,816,1015,1
767,Basia,Han,Basia.Han@gmail.com,firefighter,business,25182,no,PA,817,999,1
961,Chere,Primalia,Chere.Primalia@gmail.com,developer,personal,15180,yes,NP,818,998,1
330,Clementine,Gladstone,Clementine.Gladstone@gmail.com,engineer,personal,15178,no,EC,819,997,1
1038,Louella,Edison,Louella.Edison@gmail.com,doctor,commercial,15162,no,FK,820,982,1
654,Reeba,Clarissa,Reeba.Clarissa@gmail.com,doctor,private,15159,yes,G1,821,980,1
158,Marita,Bendick,Marita.Bendick@gmail.com,firefighter,private,15150,no,EC,822,972,1
631,Nyssa,Brackely,Nyssa.Brackely@gmail.com,police officer,business,15141,yes,OX,823,964,1
277,Barbara,Silvan,Barbara.Silvan@gmail.com,firefighter,commercial,15139,no,PA,824,963,1
484,Sharai,Trey,Sharai.Trey@gmail.com,engineer,personal,15138,no,M1,825,963,1
1016,Sadie,Bates,Sadie.Bates@gmail.com,police officer,private,15137,no,PR,826,963,1
602,Modestia,Maribeth,Modestia.Maribeth@gmail.com,engineer,business,15133,yes,JE,827,960,1
366,Nessie,Vittoria,Nessie.Vittoria@gmail.com,firefighter,private,15130,yes,PO,828,958,1
473,Sarette,Quinn,Sarette.Quinn@gmail.com,worker,personal,15124,no,PO,829,953,1
187,Bobbi,Wilkinson,Bobbi.Wilkinson@gmail.com,firefighter,commercial,15121,yes,ME,830,951,1
752,Tiffie,Codding,Tiffie.Codding@gmail.com,doctor,commercial,15120,yes,E1,831,951,1
221,Shauna,Tengdin,Shauna.Tengdin@gmail.com,worker,commercial,15113,yes,G1,832,945,1
874,Tori,Billye,Tori.Billye@gmail.com,firefighter,business,15106,yes,BS,833,939,1
888,Nickie,Chick,Nickie.Chick@gmail.com,firefighter,business,15103,yes,BD,834,937,1
940,Joelly,Leffen,Joelly.Leffen@gmail.com,developer,private,15095,yes,GL,835,930,1
1083,Lita,Westphal,Lita.Westphal@gmail.com,firefighter,commercial,15092,yes,GU,836,928,1
610,Lenna,Peti,Lenna.Peti@gmail.com,worker,commercial,15089,no,BA,837,926,1
845,Aaren,Loeb,Aaren.Loeb@gmail.com,police officer,commercial,15081,yes,LE,838,919,1
630,Natka,Brotherson,Natka.Brotherson@gmail.com,firefighter,business,15078,yes,CB,839,917,1
747,Alexine,Jary,Alexine.Jary@gmail.com,developer,business,15073,yes,CR,840,913,1
523,Sophia,Koehler,Sophia.Koehler@gmail.com,worker,business,15067,no,L1,841,908,1
749,Lonnie,Bethany,Lonnie.Bethany@gmail.com,engineer,commercial,15062,yes,PE,842,904,1
356,Jacenta,Pauly,Jacenta.Pauly@gmail.com,developer,private,15059,yes,DA,843,902,1
846,Phylis,Kress,Phylis.Kress@gmail.com,developer,commercial,15058,yes,RH,844,902,1
795,Roslyn,Sikorski,Roslyn.Sikorski@gmail.com,firefighter,commercial,15055,yes,CR,845,900,1
247,Anestassia,Albertine,Anestassia.Albertine@gmail.com,police officer,personal,15044,no,HP,846,890,1
183,Kathy,Arquit,Kathy.Arquit@gmail.com,firefighter,personal,15034,no,NP,847,881,1
508,Eadie,Mehalek,Eadie.Mehalek@gmail.com,developer,personal,15033,yes,PA,848,881,1
597,Lila,Cullin,Lila.Cullin@gmail.com,police officer,personal,15026,yes,PL,849,875,1
574,Gertrud,Bobbee,Gertrud.Bobbee@gmail.com,police officer,commercial,15011,no,LL,850,861,1
906,Heida,Maryanne,Heida.Maryanne@gmail.com,firefighter,private,15010,no,DY,851,861,1
209,Darci,Killigrew,Darci.Killigrew@gmail.com,worker,private,15004,yes,IP,852,856,1
908,Tina,Hoban,Tina.Hoban@gmail.com,worker,personal and business,14999,yes,NP,853,852,1
813,Valeda,Latini,Valeda.Latini@gmail.com,firefighter,private,14989,yes,PA,854,843,1
800,Tonia,Llovera,Tonia.Llovera@gmail.com,worker,private,14986,yes,HA,855,841,1
687,Marjie,Lareena,Marjie.Lareena@gmail.com,doctor,commercial,14983,yes,FY,856,839,1
375,Melisent,Tiffa,Melisent.Tiffa@gmail.com,firefighter,private,14977,yes,KY,857,834,1
946,Brianna,Natalia,Brianna.Natalia@gmail.com,police officer,private,14976,yes,HA,858,834,1
459,Sadie,Nahum,Sadie.Nahum@gmail.com,worker,personal,14965,yes,NW,859,824,1
1025,Lexine,Estella,Lexine.Estella@gmail.com,doctor,personal and business,14952,yes,NE,860,812,1
462,Florie,Zola,Florie.Zola@gmail.com,police officer,personal and business,14948,no,M1,861,809,1
432,Gaylene,Tyson,Gaylene.Tyson@gmail.com,doctor,personal,14946,yes,DH,862,808,1
1084,Maisey,Kiyoshi,Maisey.Kiyoshi@gmail.com,developer,personal,14944,no,DY,863,807,1
382,Vivia,Winthorpe,Vivia.Winthorpe@gmail.com,firefighter,commercial,14936,yes,CM,864,800,1
755,Peri,Suk,Peri.Suk@gmail.com,engineer,commercial,14931,no,BA,865,796,1
988,Tressa,Bronk,Tressa.Bronk@gmail.com,developer,commercial,14929,yes,PA,866,795,1
522,Lonnie,Vale,Lonnie.Vale@gmail.com,engineer,commercial,14927,yes,RG,867,794,1
236,Phylis,Charmine,Phylis.Charmine@gmail.com,police officer,personal,14925,yes,E1,868,793,1
468,Shauna,Nester,Shauna.Nester@gmail.com,police officer,personal and business,14912,yes,JE,869,781,1
645,Albertina,Suanne,Albertina.Suanne@gmail.com,doctor,private,14896,yes,AB,870,766,1
402,Shaylyn,Madox,Shaylyn.Madox@gmail.com,police officer,private,14891,yes,OL,871,762,1
1075,Letizia,Pascia,Letizia.Pascia@gmail.com,worker,private,14890,no,ME,872,762,1
834,Janis,Roscoe,Janis.Roscoe@gmail.com,developer,personal and business,14878,no,NP,873,751,1
1014,Wynne,Cressida,Wynne.Cressida@gmail.com,doctor,commercial,14870,no,ME,874,744,1
369,Elena,Delila,Elena.Delila@gmail.com,engineer,commercial,14865,no,CM,875,740,1
1026,Gusty,Rurik,Gusty.Rurik@gmail.com,engineer,commercial,14862,yes,DA,876,738,1
254,Blinni,Yuille,Blinni.Yuille@gmail.com,police officer,personal,14859,yes,CR,877,736,1
629,Elka,Devlen,Elka.Devlen@gmail.com,firefighter,business,14858,yes,RG,878,736,1
529,Kristan,Lorenz,Kristan.Lorenz@gmail.com,firefighter,personal,14846,yes,EH,879,725,1
1062,Agnese,Richers,Agnese.Richers@gmail.com,doctor,personal,14843,no,HA,880,723,1
458,Selia,Belldas,Selia.Belldas@gmail.com,developer,personal and business,14841,no,GU,881,722,1
643,Viki,Dominy,Viki.Dominy@gmail.com,developer,personal,14831,yes,GU,882,713,1
821,Clo,Medrek,Clo.Medrek@gmail.com,police officer,business,14830,yes,BD,883,713,1
628,Kial,Zamora,Kial.Zamora@gmail.com,doctor,private,14825,no,JE,884,709,1
889,Raf,Margret,Raf.Margret@gmail.com,police officer,personal,14812,no,NE,885,697,1
460,Riannon,Koziara,Riannon.Koziara@gmail.com,worker,business,14801,yes,ME,886,687,1
707,Brana,Drisko,Brana.Drisko@gmail.com,worker,private,14790,no,EC,887,677,1
1088,Kelly,Romelda,Kelly.Romelda@gmail.com,engineer,commercial,14778,yes,OL,888,666,1
917,Felice,Persse,Felice.Persse@gmail.com,police officer,commercial,14776,no,DA,889,665,1
163,Marcy,Dielu,Marcy.Dielu@gmail.com,doctor,business,14770,no,RG,890,660,1
435,Annice,Winnick,Annice.Winnick@gmail.com,doctor,business,14766,yes,LE,891,657,1
278,Mariann,Adrienne,Mariann.Adrienne@gmail.com,developer,commercial,14754,no,LE,892,646,1
642,Jessy,Even,Jessy.Even@gmail.com,police officer,commercial,14753,no,CM,893,646,1
193,Dode,Vittoria,Dode.Vittoria@gmail.com,engineer,private,14741,yes,NW,894,635,1
556,Candi,Johnsson,Candi.Johnsson@gmail.com,police officer,business,14734,yes,GU,895,629,1
497,Selma,Waite,Selma.Waite@gmail.com,developer,personal,14732,no,NE,896,628,1
324,Ariela,Helfand,Ariela.Helfand@gmail.com,police officer,business,14725,no,PE,897,622,1
191,Winny,Junie,Winny.Junie@gmail.com,developer,personal and business,14721,yes,B3,898,619,1
912,Tamqrah,Virgin,Tamqrah.Virgin@gmail.com,developer,personal,14720,no,EC,899,619,1
791,Ernesta,Dannye,Ernesta.Dannye@gmail.com,engineer,private,14717,no,EC,900,617,1
873,Arlena,Rocray,Arlena.Rocray@gmail.com,developer,personal and business,14713,no,LL,901,614,1
267,Christal,Darrell,Christal.Darrell@gmail.com,firefighter,personal,14708,no,PO,902,610,1
262,Annaliese,Vharat,Annaliese.Vharat@gmail.com,developer,commercial,14701,yes,LE,903,604,1
455,Heddie,Quinn,Heddie.Quinn@gmail.com,engineer,commercial,14697,no,NG,904,601,1
696,Thalia,Fulmer,Thalia.Fulmer@gmail.com,developer,private,14685,yes,DH,905,590,1
672,Micheline,Krystle,Micheline.Krystle@gmail.com,police officer,business,14683,no,GU,906,589,1
412,Alexine,Maribeth,Alexine.Maribeth@gmail.com,doctor,business,14680,no,IP,907,587,1
968,Cissiee,Dash,Cissiee.Dash@gmail.com,police officer,personal and business,14673,yes,PA,908,581,1
608,Melanie,Nisbet,Melanie.Nisbet@gmail.com,worker,private,14670,no,E1,909,579,1
575,Phylis,Allina,Phylis.Allina@gmail.com,worker,personal,14661,yes,BS,910,571,1
788,Marsiella,Neils,Marsiella.Neils@gmail.com,developer,personal and business,14660,no,RH,911,571,1
381,Ariela,Keily,Ariela.Keily@gmail.com,engineer,personal and business,14654,no,M1,912,566,1
525,Nessie,Bohlin,Nessie.Bohlin@gmail.com,police officer,business,14650,yes,FY,913,563,1
976,Tierney,Dulciana,Tierney.Dulciana@gmail.com,doctor,private,14649,yes,RM,914,563,1
1023,Karlee,Stilwell,Karlee.Stilwell@gmail.com,engineer,personal and business,14647,yes,BS,915,562,1
491,Karlee,Lutero,Karlee.Lutero@gmail.com,worker,personal and business,14644,no,LL,916,560,1
286,Bertine,Sparhawk,Bertine.Sparhawk@gmail.com,engineer,personal,14642,yes,OL,917,559,1
977,Cacilie,Lamoree,Cacilie.Lamoree@gmail.com,doctor,personal and business,14639,yes,M1,918,557,1
410,Cecile,Killigrew,Cecile.Killigrew@gmail.com,firefighter,private,14623,yes,CR,919,542,1
851,Georgina,Catie,Georgina.Catie@gmail.com,firefighter,personal,14603,no,FK,920,523,1
837,Taffy,Juan,Taffy.Juan@gmail.com,firefighter,commercial,14597,yes,PO,921,518,1
885,Marleah,Anastatius,Marleah.Anastatius@gmail.com,worker,commercial,14585,no,PR,922,507,1
887,Catrina,Bach,Catrina.Bach@gmail.com,developer,personal and business,14584,yes,KA,923,507,1
509,Chickie,Breed,Chickie.Breed@gmail.com,developer,commercial,14563,yes,GU,924,487,1
1033,Lenna,Flyn,Lenna.Flyn@gmail.com,firefighter,commercial,14559,no,FK,925,484,1
978,Alisha,Strephon,Alisha.Strephon@gmail.com,doctor,personal,14544,yes,M1,926,470,1
804,Ebonee,Havens,Ebonee.Havens@gmail.com,worker,personal,14526,no,IP,927,453,1
1037,Atlanta,Cleavland,Atlanta.Cleavland@gmail.com,doctor,private,14524,no,BD,928,452,1
120,Berget,Stevy,Berget.Stevy@gmail.com,developer,business,14494,yes,NG,929,423,1
869,Tina,Maxi,Tina.Maxi@gmail.com,firefighter,personal,14490,yes,NE,930,420,1
705,Deirdre,Roarke,Deirdre.Roarke@gmail.com,police officer,business,14488,yes,BS,931,419,1
1091,Atlanta,Xerxes,Atlanta.Xerxes@gmail.com,doctor,business,14487,yes,L1,932,419,1
836,Carol-Jean,Tamsky,Carol-Jean.Tamsky@gmail.com,doctor,commercial,14485,yes,HA,933,418,1
180,Karina,Hepsibah,Karina.Hepsibah@gmail.com,worker,private,14477,no,HP,934,411,1
802,Wynne,Lissi,Wynne.Lissi@gmail.com,worker,private,14474,no,PO,935,409,1
987,Corry,Joseph,Corry.Joseph@gmail.com,engineer,private,14446,no,OL,936,382,1
605,Kimmy,Hull,Kimmy.Hull@gmail.com,developer,personal and business,14440,yes,ME,937,377,1
706,Ulrike,Shirberg,Ulrike.Shirberg@gmail.com,police officer,commercial,14438,yes,M1,938,376,1
614,Jean,Medrek,Jean.Medrek@gmail.com,engineer,personal,14433,yes,JE,939,372,1
589,Petronia,Edvard,Petronia.Edvard@gmail.com,developer,private,14429,yes,L1,940,369,1
785,Orsola,Roscoe,Orsola.Roscoe@gmail.com,firefighter,personal and business,14425,no,PE,941,366,1
779,Angelique,Hutchison,Angelique.Hutchison@gmail.com,developer,business,14422,no,DA,942,364,1
679,Hettie,Holtz,Hettie.Holtz@gmail.com,police officer,commercial,14418,no,G1,943,361,1
701,Dacia,Obed,Dacia.Obed@gmail.com,doctor,commercial,14415,no,PL,944,359,1
1043,Coral,Jalbert,Coral.Jalbert@gmail.com,worker,commercial,14413,yes,L1,945,358,1
257,Cam,Milson,Cam.Milson@gmail.com,worker,personal,14408,no,E1,946,354,1
713,Gerianna,Cosenza,Gerianna.Cosenza@gmail.com,firefighter,personal,14405,no,L1,947,352,1
817,Blondelle,Korey,Blondelle.Korey@gmail.com,developer,personal and business,14401,no,M1,948,349,1
736,Jere,Gilbertson,Jere.Gilbertson@gmail.com,worker,business,14392,no,GL,949,341,1
1036,Halette,Trinetta,Halette.Trinetta@gmail.com,engineer,business,14390,no,EH,950,340,1
1064,Lila,Natica,Lila.Natica@gmail.com,doctor,commercial,14386,no,HP,951,337,1
292,Diena,Harned,Diena.Harned@gmail.com,police officer,personal and business,14376,no,FY,952,328,1
777,Starla,Sothena,Starla.Sothena@gmail.com,firefighter,personal and business,14371,yes,KA,953,324,1
1098,Ketti,Cherianne,Ketti.Cherianne@gmail.com,developer,private,14366,yes,G1,954,320,1
694,Gaylene,Pierette,Gaylene.Pierette@gmail.com,firefighter,personal,14356,yes,OL,955,311,1
849,Bettine,Odell,Bettine.Odell@gmail.com,developer,business,14350,yes,HP,956,306,1
893,Kathi,Warthman,Kathi.Warthman@gmail.com,worker,business,14343,yes,NP,957,300,1
206,Katleen,Secrest,Katleen.Secrest@gmail.com,developer,personal and business,14339,yes,BS,958,297,1
449,Joy,Terencio,Joy.Terencio@gmail.com,doctor,personal,14332,yes,DH,959,291,1
715,Teriann,Lunsford,Teriann.Lunsford@gmail.com,developer,personal and business,14329,no,RH,960,289,1
1068,Joleen,Gaulin,Joleen.Gaulin@gmail.com,doctor,business,14328,no,NG,961,289,1
345,Belinda,An,Belinda.An@gmail.com,police officer,private,14323,yes,GL,962,285,1
676,Mamie,Israeli,Mamie.Israeli@gmail.com,engineer,private,14321,no,PL,963,284,1
210,Augustine,Telfer,Augustine.Telfer@gmail.com,developer,personal and business,14308,yes,GU,964,272,1
670,Gusty,Malvino,Gusty.Malvino@gmail.com,developer,business,14307,yes,IP,965,272,1
535,Demetris,McClimans,Demetris.McClimans@gmail.com,firefighter,personal and business,14304,yes,EC,966,270,1
560,Dotty,Munn,Dotty.Munn@gmail.com,worker,personal and business,9295,yes,HP,967,262,1
675,Katuscha,Roxanna,Katuscha.Roxanna@gmail.com,firefighter,personal,9288,yes,G1,968,256,1
891,Oona,Lattie,Oona.Lattie@gmail.com,engineer,personal,9271,no,CR,969,240,1
1072,Priscilla,Ball,Priscilla.Ball@gmail.com,firefighter,business,9259,no,OX,970,229,1
227,Nessie,Cath,Nessie.Cath@gmail.com,doctor,business,9257,yes,HP,971,228,1
192,Letizia,Maribeth,Letizia.Maribeth@gmail.com,worker,business,9248,no,AB,972,220,1
313,Ricky,Darian,Ricky.Darian@gmail.com,firefighter,personal and business,9247,yes,NP,973,220,1
428,Chandra,Hull,Chandra.Hull@gmail.com,worker,business,9243,yes,GU,974,217,1
364,Emilia,Strephon,Emilia.Strephon@gmail.com,developer,personal,9239,no,E1,975,214,1
993,Adore,Adore,Adore.Adore@gmail.com,developer,personal and business,9238,no,PE,976,214,1
103,Vanessa,Schlosser,Vanessa.Schlosser@gmail.com,police officer,personal and business,9230,yes,IP,977,207,1
112,Mireielle,Hebner,Mireielle.Hebner@gmail.com,worker,personal and business,9229,yes,JE,978,207,1
824,Daphne,Anselmi,Daphne.Anselmi@gmail.com,doctor,commercial,9218,yes,B3,979,197,1
972,Jenilee,Mallon,Jenilee.Mallon@gmail.com,engineer,private,9216,no,BA,980,196,1
114,Belva,Suzetta,Belva.Suzetta@gmail.com,police officer,business,9214,yes,ME,981,195,1
413,Dotty,Mandler,Dotty.Mandler@gmail.com,police officer,personal,9207,no,KA,982,189,1
409,Sandie,Bryna,Sandie.Bryna@gmail.com,doctor,commercial,9195,no,OL,983,178,1
306,Kylynn,Telfer,Kylynn.Telfer@gmail.com,worker,private,9184,yes,KA,984,168,1
276,Gabi,Payson,Gabi.Payson@gmail.com,worker,personal,9181,no,IP,985,166,1
644,Amalie,Liebermann,Amalie.Liebermann@gmail.com,developer,business,9175,yes,AB,986,161,1
122,Ursulina,Amasa,Ursulina.Amasa@gmail.com,worker,private,9172,no,IG,987,159,1
863,Valeda,Iphlgenia,Valeda.Iphlgenia@gmail.com,firefighter,commercial,9164,no,NW,988,152,1
195,Audrie,Jacinda,Audrie.Jacinda@gmail.com,firefighter,private,9159,no,N1,989,148,1
241,Binny,Dom,Binny.Dom@gmail.com,police officer,commercial,9155,yes,RM,990,145,1
1096,Nollie,Lunsford,Nollie.Lunsford@gmail.com,doctor,personal and business,9148,no,NP,991,139,1
659,Selma,Firmin,Selma.Firmin@gmail.com,doctor,personal,9145,no,ME,992,137,1
922,Brynna,Shields,Brynna.Shields@gmail.com,worker,personal and business,9139,yes,BD,993,132,1
768,Susan,Carmena,Susan.Carmena@gmail.com,developer,personal,9132,no,PR,994,126,1
272,Tina,Agle,Tina.Agle@gmail.com,worker,commercial,9130,no,BA,995,125,1
145,Molli,Darian,Molli.Darian@gmail.com,developer,business,9127,yes,BD,996,123,1
669,Jsandye,Read,Jsandye.Read@gmail.com,police officer,business,9119,yes,ME,997,116,1
118,Elka,Allys,Elka.Allys@gmail.com,firefighter,business,9110,yes,RM,998,108,1
189,Vonny,Taam,Vonny.Taam@gmail.com,police officer,personal,9108,no,RM,999,107,1
902,Calla,Krystle,Calla.Krystle@gmail.com,doctor,commercial,9102,no,E1,1000,102,1